,Authors
artivo0,"""De Mello E Souza_ A-"""
artivo1,"""Neto_ A- B- A- | Mourao_ M- G- M- | Castro_ S- P- N- | Maciel_ R- C- | Franco_ A- L- M-"""
artivo2,"""Camanho_ Gilberto Luis"""
artivo3,"""Giulliano Gloria de Sousa | Victória Rodrigues Viegas"""
artivo4,"""Haas_ Celia Maria | Linhares_ Milton"""
artivo5,"""Gilberto Luis Camanho"""
artivo6,"""Souza_ Alberto de Mello E"""
artivo7,"""Régis de Andrade Cardoso"""
artivo8,"""Barbara Bruna Bressiani Cazella_ Acadêmica Do Curso de Direito Da Unoesc Campus de Joaçaba_ Brasil"""
artivo9,"""Coutinho_ Ana Luisa Celino | Siqueira_ Adriana Castelo Branco De"""
artivo10,"""Margarida Maria Lacombe Camargo | Henrique Cunha Rangel"""
artivo11,"""de Mello e Souza_ A-"""
artivo12,"""Bruno Cezar Figueredo | Fátima Aparecida Da Silva Iocca"""
artivo13,"""Ludmila Gonçalves Da Matta"""
artivo14,"""Pessoa_ Flavia Moreira Guimaraes | Andrade_ Layanna Maria Santiago"""
artivo15,"""Paulo Gomes Lima"""
artivo16,"""Marcos Antonio Batista Da Silva"""
artivo17,"""David Junior de Souza Silva"""
artivo18,"""Baez_ Narciso Leandro Xavier"""
artivo19,"""Márcia Cristina Costa"""
artivo20,"""Mário Ângelo Oliveira_Pós-Graduado Em Direito Da Administração Pública (Ufu-MG)| Advogado_ Brasil | Giovanna Cunha Mello_ Pós-Graduada Em Direito Processual Civil (Ufu-MG)- Advogada_ Brasil | Tiago Santos Issa_Pós-Graduado Em Direito Empresarial (Ufu-MG)- Advogado_ Brasil"""
artivo21,"""Chaiane de Medeiros Rosa"""
artivo22,"""Jessica Santana Bruno | Cláudio Orlando Costa Do Nascimento"""
artivo23,"""Tamyris Proenca Bonilha"""
artivo24,"""Benedito Gonçalves Eugenio | Julia Algarra"""
artivo25,"""Pereira_ A-L-C-"""
artivo26,"""Lima_ Antonio Carlos de Souza"""
artivo27,"""Sales Augusto Dos Santos | Eliane Cavalleiro | Maria Inês Barbosa | Matilde Ribeiro"""
artivo28,"""Nunes Do Nascimento Abreu_ Elisangela | Gomes Lima_ Paulo"""
artivo29,"""Cupertino_ Maria Cristina | Maria Doula_ Sheila"""
artivo30,"""Ariane Andreia Teixeira Toubia | Paulo Gomes Lima"""
artivo31,"""Trindade_ Nathália Maria Ariston"""
artivo32,"""Andrea Bayerl Mongim"""
artivo33,"""Santos_ Sales Augusto Dos | Cavalleiro_ Eliane | Barbosa_ Maria Inês Da Silva | Ribeiro_ Matilde"""
artivo34,"""Silva_ Guilherme Henrique Gomes Da"""
artivo35,"""Aparecida Das Graças Geraldo | Regina Maria Simões Puccinelli Tancredi"""
artivo36,"""Ana Paula de Oliveira Gomes"""
artivo37,"""Oliven_ Arabela Campos | Bello_ Luciane"""
artivo38,"""Daflon_ Verônica Toste | Feres Júnior_ João | Campos_ Luiz Augusto"""
artivo39,"""Toste Daflon_ Verônica | Feres_ Joao | Campos_ Luiz Augusto"""
artivo40,"""Alves Cordeiro_ Ana Luisa"""
artivo41,"""Campos_ Luiz Augusto"""
artivo42,"""Sito_ Luanda"""
artivo43,"""Wenczenovicz_ Thaís Janaina | Baez_ Narciso Leandro Xavier"""
artivo44,"""Cláudia Regina Costa Pacheco"""
artivo45,"""Sito_ Luanda"""
artivo46,"""Lorenzo_ Rocío Alonso"""
artivo47,"""Santos_ Clarissa Tagliari"""
artivo48,"""Márcio Mucedula Aguiar"""
artivo49,"""Lima_ Márcia"""
artivo50,"""De Macedo Souza_ Felipe | Ferreira Da Fonseca_ Gabriel"""
artivo51,"""Nery_ Maria Da Penha | Costa_ Liana Fortunato"""
artivo52,"""Batista_ Neusa Chaves"""
artivo53,"""Marcelo Henrique Romano Tragtenberg"""
artivo54,"""Andrea Hermínia A- Oliveira | Paulo S- C- Neves"""
artivo55,"""Ribeiro_ Matilde"""
artivo56,"""Neves_ Paulo S- C | Faro_ André | Schmitz_ Heike"""
artivo57,"""Iensue_ Geziela | De Carvalho_ Luciani Coimbra"""
artivo58,"""Gabriel Silvério_ Vinícius"""
artivo59,"""Weller_ Wivian | Silveira_ Marly"""
artivo60,"""Marcelo Pagliosa Carvalho"""
artivo61,"""Rodrigo Goldschmidt_ Doutor Em Direito (Ufsc)_ Professor Unoesc_ Brasil"""
artivo62,"""Gisela Maria Bester"""
artivo63,"""Campos_ Larissa Couto | Machado_ Thalyson Renan Bitencourt | Miranda_ Gilberto José | Costa_ Patrícia de Souza"""
artivo64,"""Luana Mateus de Sousa | Carlos Rafael Vieira Caxile | Ana Lúcia Nobre Da Silveira | Elcimar Simão Martins"""
artivo65,"""Diogo Barbosa Figueredo | Marcelo Inácio Ferreira Ferraz | Moema Maria Badaró Cartibani Midlej"""
artivo66,"""Dos Santos_ José Antônio | Garcia De Mello_ Luciana"""
artivo67,"""André Leonardo Copetti Santos | Rosângela Angelin | Evelyne Freistedt"""
artivo68,"""Cristiane Lourenço Teixeira"""
artivo69,"""Diogo Barbosa Figueredo | Marcelo Inácio Ferreira Ferraz | Moema Moema Maria Badaró Cartibani Midlej"""
artivo70,"""Carlos Benedito Rodrigues Da Silva"""
artivo71,"""Cervi_ Emerson Urizzi"""
artivo72,"""Roseli Teresinha Michaloski Alves"""
artivo73,"""Queiroz_ Delcele Mascarenhas | Santos_ Jocélio Teles Dos"""
artivo74,"""Camino_ Leoncio | Leite Tavares_ Talita | Rosas Torres_ Ana Raquel | Álvaro Estramiana_ José Luis | Garrido Luque_ Alicia"""
artivo75,"""Cardoso_ Paulino De Jesus Francisco"""
artivo76,"""Rodrigo Goldschmidt | Rodrigo Espiúca Dos Anjos Siqueira"""
artivo77,"""Ivanise Monfredini | Marcia Feldman"""
artivo78,"""Mangueira Carvalho_ Emanuel | Sánchez Gamboa_ Silvio"""
artivo79,"""Costa_ Ilton Garcia | Navas_ Ana Pavanini"""
artivo80,"""Clóvis Gorczevski | Rosane Beatris Mariano Da Rocha Barcelos Terra"""
artivo81,"""Dos Santos_ Sales Augusto | Cavalleiro_ Eliane | Barbosa_ Maria Ines Da Silva | Ribeiro_ Matilde"""
artivo82,"""Araujo_ Luis Claudio Martins | Viegas_ Tiago Machado"""
artivo83,"""de Lemos_ Isabele Batista"""
artivo84,"""Lima_ Fernanda Da Silva | Beninca_ Alexsandra Pizzetti"""
artivo85,"""Baía_ Paulo"""
artivo86,""" """
artivo87,"""Leite_ Janete Luzia"""
artivo88,"""Kátia Denise Moreira | Mércia Pereira | Sirlene Silveira de Amorim | Luís Moretto Neto"""
artivo89,"""Kim_ Richard Pae | Tommasiello_ Flavia Carneiro"""
artivo90,"""Iuri Bolesina | Tássia Aparecida Gervasoni"""
artivo91,"""Santos_ Sales Augusto Dos"""
artivo92,"""Piovesan_ Flávia"""
artivo93,"""Barrozo_ Paulo Daflon"""
artivo94,"""Flavia Piovesan"""
artivo95,"""Piovesan_ Flavia"""
artivo96,"""Hofbauer_ Andreas"""
artivo97,"""Moreira_ Claudia Regina Baukat Silveira | Silva_ Paulo Vinicius Baptista Da"""
artivo98,"""Andreas Hofbauer"""
artivo99,"""Ferreira_ N-T-"""
artivo100,"""da Silva_ G-H-G-"""
artivo101,"""Pautassi_ Laura C"""
artivo102,"""Danielle Annoni"""
artivo103,"""Hofbauer_ A-"""
artivo104,"""Campo_ V-M-G- | Giraldo_ J-E-C-"""
artivo105,"""Silva_ Graziella Moraes Dias Da"""
artivo106,"""Rodrigues_ Tatiane Cosentino | Cardoso_ Ivanilda Amado | Da Silva_ Andreia Rosalina"""
artivo107,"""Cantarino_ Carolina"""
artivo108,"""Graziella Moraes Dias Da Silva"""
artivo109,"""Vanali_ A-C- | Da Silva_ P-V-B-"""
artivo110,""" """
artivo111,"""Silva Ferreira_ Sandro Augusto"""
artivo112,"""Bevilaqua_ Ciméa Barbato"""
artivo113,"""Pena_ Sérgio D-J | Bortolini_ Maria Cátira"""
artivo114,"""Agra_ Klondy Lúcia de Oliveira"""
artivo115,"""Albuquerque_ Rosa Almeida Freitas | Pedron_ Cristiane Drebes | Quoniam_ Luc"""
artivo116,"""Jorge Enrique Celis-Giraldo"""
artivo117,"""Soares_ Claudete"""
artivo118,"""Roger Raupp Rios"""
artivo119,"""Sabrina Olimpio Caldas de Castro | Fernanda Maria de Almeida | Rafael Morais Pereira | Humberto Rodrigues Marques | José Estevam Chaves Braga"""
artivo120,"""Zilda Martins Barbosa"""
artivo121,"""André Pires | Bruna Mara Da Silva Wargas"""
artivo122,"""Alexandre Da Silva de Paula | Carlos Roberto Waidemam | Eder Aparecido de Carvalho"""
artivo123,"""Aline Marques Marino"""
artivo124,"""Roseane Maria de Amorim | Andréa Giordanna Araujo Da Silva | Fabson Calixto Da Silva | Igor Rafael Bispo Santos"""
artivo125,"""Mohr_ Naira Estela Roesler | Monteiro_ Felipe Mattos | Costa_ Joaquim Gonçalves | Oliveira_ João Costa de"""
artivo126,"""Bayma_ Fátima"""
artivo127,"""Miranda_ Analice Valdman de | Carvalho_ José Luis Felicio"""
artivo128,"""Norris_ Pippa"""
artivo129,"""Silva_ Ani Martins | Cymrot_ Raquel | D'Antino_ Maria Eloisa Famá"""
artivo130,"""Freitas_ Irene de Lima"""
artivo131,""" """
artivo132,"""Schwartzman_ Luisa Farah"""
artivo133,"""Daniela Bueno de Oliveira Américo de Godoy | José Francisco Miguel Henriques Bairrão"""
artivo134,"""Piotto_ Débora Cristina | Nogueira_ Maria Alice"""
artivo135,"""Amaral_ Wagner Roberto | Baibich-Faria_ Tânia Maria"""
artivo136,"""Mascarenhas Queiroz_ Delcele"""
artivo137,"""Frederico_ Celso"""
artivo138,"""Ariolindo Neres Sousa Júnior"""
artivo139,"""Dantas De Assunção_ Marcus Vinicius | Chaves Gomes_ Anna Cecília | Medeiros Cavalcanti_ Joyce Mariella | Galdino De Araújo_ Afrânio"""
artivo140,"""Karruz_ Ana"""
artivo141,"""Delgado_ Paulo Sérgio | Henrique Silva_ Ruth 2014"""
artivo142,"""Silva_ Ani Martins | Cymrot_ Raquel | D'Antino_ Maria Eloisa Famá"""
artivo143,"""Freitas_ Irene de Lima"""
artivo144,""" """
artivo145,"""Schwartzman_ Luisa Farah"""
artivo146,"""Daniela Bueno de Oliveira Américo de Godoy | José Francisco Miguel Henriques Bairrão"""
artivo147,"""Cabral_ L-S-A-"""
artivo148,"""Amaral_ Wagner Roberto | Baibich-Faria_ Tânia Maria"""
artivo149,"""Mascarenhas Queiroz_ Delcele"""
artivo150,"""Frederico_ Celso"""
artivo151,"""Ariolindo Neres Sousa Júnior"""
artivo152,"""Dantas De Assunção_ Marcus Vinicius | Chaves Gomes_ Anna Cecília | Medeiros Cavalcanti_ Joyce Mariella | Galdino De Araújo_ Afrânio"""
artivo153,"""Karruz_ Ana"""
artivo154,"""Bonilha_ Tamyris Proenca"""
artivo155,"""Silva_ Kelly"""
artivo156,"""Santana_ Elaine Barbosa"""
artivo157,"""Sito_ Luanda | Kleiman_ Angela"""
artivo158,"""Norris_ Pippa"""
artivo159,"""Duque Quintero_ Sandra Patricia | Quintero Quintero_ Marta Lucía | Duque Quintero_ Derfrey Antonio"""
artivo160,"""Medeiros_ Hugo Augusto Vasconcelos | Mello Neto_ Ruy De Deus | Gomes_ Andreia Macedo"""
artivo161,"""Gabriela Solange Sagaz"""
artivo162,"""Felipe Franz Wienke"""
artivo163,"""Turgeon_ Mathieu | Chaves_ Bruno Sant'Anna | Wives_ Willian Washington"""
artivo164,"""Souza_ Andreliza Cristina De | Teixeira Brandalise_ Mary Ângela"""
artivo165,"""Luciene Alves Miguez Naiff | Denis Giovani Monteiro Naiff"""
artivo166,"""De Faria_ Iolanda Pinto"""
artivo167,"""Política de cotas da Ufrgs = From criticism to politics: tensions between recognition and racial democracy in the quota policy of the Federal University of Rio Grande do Sul_ Brazil"""
artivo168,"""Mary Ane Souza"""
artivo169,"""Igor Adolfo Assaf Mendes"""
artivo170,"""Griner_ Almog | Sampaio_ Luciano Menezes Bezerra | Sampaio_ Raquel Menezes Bezerra"""
artivo171,"""Maria Cristina Cupertino | Sheila Maria Doula"""
artivo172,"""Cardoso Filho_ Francisco de Assis Brito | Magalhães_ Juliano Fontenele | Silva_ Kássio Murillo Leite Da | Pereira_ Izete Soares Da Silva Dantas"""
artivo173,"""Estácio_ Marcos André Ferreira | Almeida_ Diana Andreza Rebouças"""
artivo174,"""Amanda Vanessa Pereira Assunção | Catarina de Almeida Santos | Danielle Xabrega Pamplona Nogueira"""
artivo175,"""De Faria_ Iolanda Pinto | Gonçalves Dos Santos_ Georgina | Ramos Mendes_ José Aurivaldo Sacchetta"""
artivo176,"""Dos Santos_ Sales Augusto Simões_ Paulo C- Gaertner (Editor)"""
artivo177,"""de Carvalho_ José Jorge"""
artivo178,"""Domingues_ Petrônio"""
artivo179,"""Kelly Russo | Edson Diniz"""
artivo180,"""Almeida_ Ana Maria F | Ernica_ Mauricio"""
artivo181,"""Felipe Bruno Martins Fernandes | Florita Cuhanga António Telo | Rosangela Cordaro"""
artivo182,"""Joviles Vitório Trevisol | Rosileia Nierotka"""
artivo183,"""Feres Jr_ João | Daflon_ Verônica Toste"""
artivo184,"""Bruna Cruz de Anhaia"""
artivo185,"""Marcelo Giovannetti Ferreira Luz | Soeli M- Schreiber Da Silva"""
artivo186,"""Valverde_ Danielle Oliveira | Stocco_ Lauro"""
artivo187,"""Leite_ Ilka Boaventura"""
artivo188,"""Vanessa Wendt Kroth | Daniel Lena Marchiori Neto"""
artivo189,"""Leite_ Ilka Boaventura"""
artivo190,"""Campos_ Luiz Augusto | Feres Júnior_ João"""
artivo191,"""Moreira_ Adilson José"""
artivo192,"""Neves_ Paulo Sérgio Da C"""
artivo193,"""Luzia Nunes Mamoré | Paulo Gomes Lima | Antonio Bosco de Lima | Glaucia Carvalho Gomes"""
artivo194,"""Marcos Chor Maio | Ricardo Ventura Santos"""
artivo195,"""Neves_ Paulo"""
artivo196,"""Oliveira Valverde_ Danielle | Stocco_ Lauro"""
artivo197,"""Bruno_ Jessica Santana | Do Nascimento_ Claudio Orlando Costa"""
artivo198,"""Geise Ferreira | Zelair Olézia Rezer Da Silva | Ivone Jesus Alexandre"""
artivo199,"""Santos_ Hélio | Souza_ Marcilene Garcia de | Sasaki_ Karen"""
artivo200,"""Juliana de Senzi Zancul"""
artivo201,"""Francisca Das Chagas Silva Lima | Maria José Pires Barros Cardozo"""
artivo202,"""Silva_ Fernando Rodrigues | Nardi_ Henrique Caetano"""
artivo203,"""Sheila Ferreira Miranda"""
artivo204,"""Barcelos Doebber_ Michele | Domingos_ Angélica | Silva_ Ivanilde Da"""
artivo205,"""Ana Cláudia Gomes de Souza"""
artivo206,"""Sabrina Plá | Ademir José Rosso"""
artivo207,"""Gomes_ Nilma"""
artivo208,"""Lucimar Rosa Dias"""
artivo209,"""Barros_ Mariana Leal de"""
artivo210,"""Dyane Brito Reis Santos"""
artivo211,"""Leite_ Lucia Pereira | Mattos_ Beatriz Marques"""
artivo212,"""David_ Moisés | Melo_ Maria Lúcia | Silva Malheiro_ João Manoel Da"""
artivo213,"""Zora Yonara Torres Costa"""
artivo214,"""Nogueira Júnior_ Francisco De Albuquerque"""
artivo215,"""Ribeiro_ Rosana | Araújo_ Guilherme Silva"""
artivo216,"""Marisa Claudia Jacometo Durante"""
artivo217,"""Ilzver de Matos Oliveira Oliveira | Júlio César Diniz Hoenisch"""
artivo218,"""Vieira_ Vanessa Alves | Radomysler_ Clio Nudel"""
artivo219,"""Guimarães_ Nadya Araujo | Andrada_ Ana Carolina | Picanço_ Monise Fernandes"""
artivo220,"""Cruz_ Isabel C-F- Da"""
artivo221,"""Dalva De Assis_ Relindes"""
artivo222,"""Campos_ Luiz Augusto | Feres Júnior_ João | Daflon_ Verônica Toste"""
artivo223,"""Carla Beatriz Meinerz | Martín José Fernández Ramírez"""
artivo224,"""David_ Moisés | Melo_ Maria Lúcia | Malheiro_ João Manoel Da Silva"""
artivo225,"""Maria Alice Rezende Gonçalves | Vinícius Oliveira Pereira"""
artivo226,"""Anne Matos Ferreira | Wilma Baía Coelho"""
artivo227,""" """
artivo228,"""Monteiro_ Rosana Batista"""
artivo229,"""Thome_ Candy Florencio | Schwarz_ Rodrigo Garcia"""
artivo230,"""de Araujo_ Danielle Pereira"""
artivo231,"""Maria Da Penha Nery | Maria Inês Gandolfo Conceição"""
artivo232,"""Velloso_ Jacques"""
artivo233,"""Silva Laya_ Marisol"""
artivo234,"""Guimarães_ Antonio Sérgio Alfredo"""
artivo235,"""Guimaraes_ Antonio Sergio Alfredo"""
artivo236,"""Souza_ E-M-D-"""
artivo237,"""Felicetti_ Vera Lucia | Morosini_ Marília Costa"""
artivo238,"""Neves_ Clarissa Eckert Baeta | Raizer_ Leandro | Fachinetto_ Rochele Fellini"""
artivo239,"""Marysson Jonas Rodrigues Camargo | Anna Maria Canavarro Benite"""
artivo240,"""Cruz_ Isabel Cristina Fonseca Da"""
artivo241,"""Vassallo_ Simone Pondé | Rodríguez cáceres_ Luz Stella"""
artivo242,"""Pereira_ Amauri Mendes"""
artivo243,"""Arocha_ Jaime | Guevara_ Natalia | Londono_ Sonia | Del Mar Moreno_ Lina | Rincon_ Liliana"""
artivo244,"""Figueiredo_ Angela"""
artivo245,"""Oliveira_ E | Targino_ M"""
artivo246,"""Da Silva_ Marcos Antonio Batista"""
artivo247,"""Antonio Sérgio Alfredo Guimarães"""
artivo248,"""Cicalo_ André"""
artivo249,"""Costa Sabino_ Maria Jordana | Sales Lima_ Patricia Veronica Pinheiro"""
artivo250,"""Feres_ João | Daflon_ Verônica"""
artivo251,"""Luzinete Simões Minella"""
artivo252,"""Dias_ Luciana de Oliveira | Rosa_ Fabricio Silva"""
artivo253,"""Ferreira_ Fernando"""
artivo254,"""Golgher_ André | Amaral_ Ernesto | Neves_ Alan"""
artivo255,"""Maccali_ Nicole | Kuabara_ Paula Suemi Souza | Takahashi_ Adriana Roseli Wunsch | Roglio_ Karina De Dea | Boehs_ Samantha De Toledo Martins"""
artivo256,"""Angnes_ J | Freitas_ M | Klozovski_ M | Mattos_ S | Costa_ Z"""
artivo257,"""Peixoto_ Vitor | Goulart_ Nelson | Da Silva_ Gabriel"""
artivo258,"""Cicalo_ Andre"""
artivo259,"""Silva_ P | Neto_ M | Brito_ L | Barreto_ L | Gurgel_ F"""
artivo260,"""Spohr_ Alexandre Piffero | Maglia_ Cristiana | Machado_ Gabriel | de Oliveira_ Joana Oliveira"""
artivo261,"""de Barros_ Nelson Filice"""
artivo262,"""Araújo_ Clara"""
artivo263,"""Marques_ Thamiris | Santos_ Bruna Kappel Almeida Dos"""
artivo264,"""Franciele Daiane Rodrigues Resende May/Aug 2016"""
artivo265,"""Ribeiro_ Matilde | Piovesan_ Flavia"""
artivo266,"""Batista_ Elza | Mazon_ Marcia"""
artivo267,"""Da Motta_ Ivan Dias | Sela_ Thiene Nogueira"""
artivo268,"""Schlindwein_ Izabela Liz | Grossi_ Miriam Pillar"""
artivo269,"""Scherer-Warren_ Ilse | Lüchmann_ Lígia"""
artivo270,"""Cristina Scheibe Wolff"""
artivo271,"""Luana Borges Lemes 2018"""
artivo272,"""Azeredo_ Sandra"""
artivo273,"""Lopez_ Laura Cecilia"""
artivo274,"""Ferreira_ Claudia Aparecida Avelar"""
artivo275,"""Dias_ Márcio | Bax_ Marcello"""
artivo276,"""Godinho_ Rodrigo De Oliveira"""
artivo277,"""Moreira_ Adilson Jose"""
artivo278,"""Alves_ Hayda Jun 2019"""
artivo279,"""Peria_ Michelle | Bailey_ Stanley R"""
artivo280,"""Irigaray_ Carlos Teodoro Jose Hugueney"""
artivo281,"""Dos Santos_ Denise Tatiane Girardon"""
artivo282,"""Salata_ André"""
artivo283,"""Sinhoretto_ Jacqueline | Morais_ Danilo"""
artivo284,"""Campo_ Víctor | Giraldo_ Jorge"""
artivo285,"""Leon Diaz_ Ruby Esther"""
artivo286,"""Penha_ Eli Alves"""
artivo287,"""de Melo_ Israel V-"""
artivo288,"""Valencia_ Henry"""
artivo289,"""Maues_ Antonio Moreira"""
artivo290,"""Perrone_ Christian"""
artivo291,"""Santos_ J | Silva_ M | Melo_ S"""
artivo292,"""Paulilo_ Maria"""
artivo293,"""Mccallum_ Cecilia"""
artivo294,"""Ribeiro_ Ludmila"""
artivo295,"""Rosistolato_ Rodrigo 2010"""
artivo296,"""Eduardo Vilar Bonaldi"""
artivo297,""" """
artivo298,"""Mozart Linhares Dasilva"""
artivo299,"""Medeiros_ Marcelo 2010"""
artivo300,"""Almeida_ Magali Da Silva"""
artivo301,"""Sandra Leal de Melo Dahia"""
artivo302,"""Maggie_ Yvonne"""
artivo303,"""Figueiredo_ Angela"""
artivo304,"""Ribeiro_ Matilde"""
artivo305,"""Minella_ Luzinete Simoes"""
artivo306,"""Freitas_ Daniel Antunes | Rabelo_ Gessica Lafeta | Silveira_ Jessica Camila Santos | Souza_ Lucas Ramos | Lima_ Mateus Costa | Pereira_ Mayane Moura | Moura_ Paulo Henrique Tolentino | Oliveira_ Stephany Ketllin Mendes | Siqueira_ Walter Dos Reis_ Jr- | Marques_ Amaro Sergio | Leao_ Claudia Danyella Alves | Macedo_ Clayton Paraiso | Caldeira_ Antonio Prates"""
artivo307,"""Albuquerque_ José 2017"""
artivo308,"""Bernardino-Costa_ Joaze | Grosfoguel_ Ramón"""
artivo309,"""Rostelato_ Telma Aparecida"""
artivo310,"""Senna_ Nadia"""
artivo311,"""Neves_ Paulo"""
artivo312,"""Duro_ Renato | Netto_ Amanda"""
artivo313,"""Azevedo_ Bruno Del Sarto | Biondo_ Chrisne Santana | Sena_ Edite Lago Da Silva | Boery_ Rita Narriman Silva de Oliveira | Yarid_ Sergio Donha"""
artivo314,"""Goldberg_ Ilan"""
artivo315,"""de Almeida_ Cintia Borges | de Lima_ Giselle Rafael"""
artivo316,"""Igreja_ Rebecca"""
artivo317,"""Alvarez_ Sonia"""
artivo318,"""Melo_ Carlos Vinicius Gomes | Dantas_ Gilcimar Santos | Fernandez_ Zelia Maria Brandao | Pereira_ Marcos Emanoel | Chaves_ Antonio Marcos"""
artivo319,"""Orlando_ Andreia Fernanda | Ferreira_ Aparecida de Jesus"""
artivo320,"""Arocena_ Felipe"""
artivo321,"""Campos_ Luiz"""
artivo322,"""Oliveira_ Fabiana"""
artivo323,"""Leal_ Sayonara"""
artivo324,"""Costa_ Sérgio"""
artivo325,"""Picanço_ Felícia"""
artivo326,"""Grün_ Roberto"""
artivo327,"""Cristiani Bereta Da Silva"""
artivo328,"""Ferreira_ Francisco Romao | Lima_ Marcelo Machado Costa"""
artivo329,"""Oliveira_ Luzia"""
artivo330,"""Feres Júnior_ João | Campos_ Luiz"""
artivo331,"""Proni_ Marcelo"""
artivo332,"""Ribeiro_ Matilde"""
artivo333,"""Sacchet_ Teresa"""
artivo334,"""Scott_ Joan"""
artivo335,"""Piza_ Evandro | Guimaraes_ Johnatan Razen | Argolo_ Pedro"""
artivo336,"""Badalotti_ Tatiana"""
artivo337,"""Yvonne Maggie"""
artivo338,"""Muniz_ Jerônimo"""
artivo339,"""Antonio Sérgio Alfredo Guimarães"""
artivo340,"""Lobo_ Barbara Natalia Lages"""
artivo341,"""Rodrígues_ Vera"""
artivo342,"""Rattner_ Daphne | Pereira_ Everton"""
artivo343,"""Dos Passos_ Joana | Nogueira_ João"""
artivo344,"""Bittencourt_ Romulo Goncalves"""
artivo345,"""Leite_ Flavia Piva Almeida | Garcia_ Gustavo Filipe Barbosa"""
artivo346,"""de Brito_ Vanessa Silveira"""
artivo347,"""Bragato_ Fernanda Frizzo"""
artivo348,"""Rezende_ Daniela Leandro"""
artivo349,"""Heringer_ Rosana"""
artivo350,"""Dos Santos_ Sales Augusto"""
artivo351,"""Antunes Freitas_ Daniel | Diaz Caballero_ Antonio | Sergio Marques_ Amaro | Vergara Hernandez_ Clara Ines | Nunes Oliveira Antunes_ Steffany Lara"""
artivo352,"""Dasilva_ Jose"""
artivo353,"""Cerqueira_ Fabio Vergara | Nunes_ Anderson Cruz"""
artivo354,"""Marques_ Amaro Sergio | Freitas_ Daniel Antunes | Leao_ Claudia Danyella Alves | Oliveira_ Stephany Ketllin Mendes | Pereira_ Mayane Moura | Caldeira_ Antonio Prates"""
artivo355,"""Valentim_ Renata Patricia Forain de"""
artivo356,"""Miranda Costa_ Eliane"""
artivo357,"""Scavone_ Lucila"""
artivo358,"""Sônia Malheiros Miguel"""
artivo359,"""Tânia Mara Campos de Almeida"""
artivo360,"""Gindri_ Eduarda Toscani | de Nardin Budo_ Marilia"""
artivo361,"""Albernaz_ Renata | Azevêdo_ Ariston"""
artivo362,"""Flavia Matheus Rios 2009"""
artivo363,"""Cardoso_ Lourenco"""
artivo364,"""Rosa_ Alexandre Reis"""
artivo365,"""Luís Felipe Sobral 2009"""
artivo366,"""Rezende_ Daniela"""
artivo367,"""João Bôsco Hora Góis"""
artivo368,"""Santos_ Luiz | Faria_ Lina"""
artivo369,"""Neville_ Alexander"""
artivo370,"""Meleu_ Marcelino | Massaro_ Alessandro Langlois"""
artivo371,"""Barroso_ Luis Roberto | Osorio_ Aline"""
artivo372,"""William Vella Nozaki 2009"""
artivo373,"""Da Silva_ Andre Luiz Carvalhal | Margem_ Helena"""
artivo374,"""Avila_ Ana Paula Oliveira | Rios_ Roger Raupp"""
artivo375,"""Vedoveli_ Paula 2009"""
artivo376,"""Ferreira_ Jorge"""
artivo377,"""Bambirra_ Natercia V- | Lisboa_ Teresa Kleba"""
artivo378,"""Siqueira_ Luciola | Bastos_ Matheus | Nascimento_ Andréia | Puridade_ Mariana"""
artivo379,"""Da Silva_ Vanisio"""
artivo380,"""Pinto_ Natalia Lucia Da Silva | Fernandes_ Lauramaria Abdon | Silva_ Fabiana Ferreira"""
artivo381,"""Gordillo Sánchez_ Daniel"""
artivo382,"""Neves_ Robson Da Fonseca | Nunes_ Monica De Oliveira"""
artivo383,"""Dos Santos_ Caroline Delfino"""
artivo384,"""Coe_ Neilanza Micas"""
artivo385,"""Gallo-Belluzzo_ Sueli Regina | Ferreira-Teixeira_ Marcela Casacio | Aiello- Vaisberg_ Tania Maria Jose"""
artivo386,"""Foletto_ Rafael"""
artivo387,"""Scherer-Warren_ Ilse"""
artivo388,"""Rangel_ Thayron Rodrigues | Da Silva_ Andre Januario"""
artivo389,"""Rocio Cobo_ M-"""
artivo390,"""Lemos_ Rafael Diogo"""
artivo391,"""Wermuth_ Maiquel Angelo Dezordi | Canciani_ Pamela"""
artivo392,"""Selau_ Bento | Damiani_ Magda Floriana | Costas_ Fabiane Adela Tonetto"""
artivo393,"""Lopes_ Ana Maria D'Avila"""
artivo394,"""Barcelos_ Valdo | Trevisan_ Amarildo Luiz"""
artivo395,"""de Lima_ Elias Lopes"""
artivo396,"""Goncalves_ Arlete Marinho"""
artivo397,"""Eliane Veras Soares"""
artivo398,"""Arocha_ Jaime | Guevara_ Natalia | Londoño_ Sonia | Rincón_ Liliana"""
artivo399,"""De Oliveira_ Rodrigo Teles Dantas | Barbosa_ Jenny Dantas"""
artivo400,"""Nunes_ V | Magalhães_ C"""
artivo401,"""Sodre_ Francis"""
artivo402,"""Cambi_ Eduardo | Denora_ Emmanuella"""
artivo403,"""Sacchet_ Teresa"""
artivo404,"""Araújo_ Clara | Borges_ Doriam"""
artivo405,"""Miguel_ Luis"""
artivo406,"""Silva_ Antonio Joaquim Da | Araujo_ Jose Luis Lopes | de Barros_ Roseli Farias Melo"""
artivo407,"""Cardoso_ Evorah"""
artivo408,"""Do Nascimento_ Janaína"""
artivo409,"""Oliveira_ Rosane Cristina | de Cassia Pinheiro Lima_ Jacqueline | Arana_ Andressa Maria Freire Da Rocha"""
artivo410,"""Pereira_ Everton | Pacheco Santos_ Leonor"""
artivo411,"""Salzano_ Francisco M-"""
artivo412,"""Mott_ Luiz"""
artivo413,"""Luzinete Simões Minella"""
artivo414,"""Do Amaral_ Wagner | Rodrigues_ Michelle | Bilar_ Jenifer"""
artivo415,"""Maggie_ Yvonne"""
artivo416,"""Milanez_ Felipe | Sa_ Lucia | Krenak_ Ailton | Cruz_ Felipe Sotto Maior | Ramos_ Elisa Urbano | de Jesus_ Genilson Dos Santos ""Taquary Pataxo"""""
artivo417,"""Duke_ Dawn"""
artivo418,"""Gianordoli - Nascimento_ Ingrid Faria | Araujo Trindade_ Zeidi | De Fatima De Souza Santos_ Maria"""
artivo419,"""De Sao Paulo_ Eduardo"""
artivo420,"""Lima_ Cila"""
artivo421,"""Da Silveira_ Adinan Rodrigues | Nepomuceno_ Augusto Moutella"""
artivo422,"""Dos Santos_ Simone | Silveira_ Andréa"""
artivo423,"""Batista_ Michelle"""
artivo424,"""Coelho_ Luana Xavier Pinto"""
artivo425,"""Fernandes_ Gabriela Nunes | de Souza_ Kelly Cristina Russo"""
artivo426,"""Engelmann_ Fabiano"""
artivo427,"""Ewerton Handerson Figueiredo de Medeiros"""
artivo428,"""Roberto Pereira_ Cicero | Cunha de Souza_ Luana Elayne"""
artivo429,"""Waldeck_ Guacira"""
artivo430,"""Rios_ Roger Raupp | Resadori_ Alice Hertzog"""
artivo431,"""Penteado_ Claudio Luis de Camargo | Da Silva_ Sidney Jard | Da Fonseca_ Karen Christina Dias"""
artivo432,"""Gomes_ Juliana Cesario Alvim"""
artivo433,"""André Ricardo Fonseca Da Silva"""
artivo434,"""Gimenez_ Charlise Paula Colet | Martins_ Paulo Adroir Magalhaes | Angelin_ Rosangela"""
artivo435,"""Wood_ Charles | de Carvalho_ José | Horta_ Cláudia"""
artivo436,"""Cardoso_ Cláudia"""
artivo437,"""Palacios_ Fernando Antonio Colares"""
artivo438,"""Paula Viviane Chies"""
artivo439,"""de Jesus_ Luciano Nascimento | Mayer_ Andre Luiz Monteiro | de Camargo_ Pedro Luiz Teixeira"""
artivo440,"""Dutra_ Deo Campos | Vieira_ Jose Ribas"""
artivo441,"""Alonso_ Ricardo Pinha | Dantas_ Lucas Emanuel Ricci"""
artivo442,"""Ribeiro Moreira_ Pedro | Guimarães_ Antonio Carlos Machado | Braga_ Yara Maria Rosendo de Oliveira"""
artivo443,"""Cortes_ Ana de Mello"""
artivo444,"""Nascimento_ Guilherme Martins | Duarte_ Evandro Piza | Queiroz_ Marcos Vinicius Lustosa"""
artivo445,"""Faustino_ Deivison Mendes"""
artivo446,"""Mauro Guilherme Pinheiro Koury"""
artivo447,"""Campos_ Ligia Fabris"""
artivo448,"""Scherer-Warren_ Ilse"""
artivo449,"""Da Silva_ Antonio Israel Carlos"""
artivo450,"""Guizzo_ Bianca Salazar | Zubaran_ Maria Angelica | Beck_ Dinah Quesada"""
artivo451,"""Muzzio_ Henrique"""
artivo452,"""Cassol_ Paula Durks | Da Silva_ Maria Beatriz Oliveira | Dinarte_ Priscila Valduga"""
artivo453,"""de Souza_ Pedro Bastos"""
artivo454,"""Chueiri_ Vera Karam de | Macedo_ Jose Arthur Castillo de"""
artivo455,"""Aguiar_ Vilenia"""
artivo456,"""Gledhill_ John | Hita_ Maria"""
artivo457,"""Maia_ Suzana"""
artivo458,"""Portugal_ Silvia"""
artivo459,"""Carniel_ Fagner | Ruggi_ Lennita | Ruggi_ Júlia"""
artivo460,"""Jorge_ Vladimyr | Silva_ Mayra | Ferreira_ Ana"""
artivo461,"""Nascimento_ Isadora | Said_ Gustavo"""
artivo462,"""de Melo_ Miguel Angelo Silva | Bandeira_ Joao Adolfo Ribeiro"""
artivo463,"""Batista_ Waleska Miguel | Josue_ Mastrodi"""
artivo464,"""Baer_ Susanne"""
artivo465,"""Rios_ Roger Raupp | Resadori_ Alice Hertzog | Leivas_ Paulo Gilberto Cogo | Schafer_ Gilberto"""
artivo466,"""Coimbra_ Rodrigo | Wittckind_ Ellara Valentini"""
artivo467,"""Ribeiro_ Eduardo | Galizoni_ Flávia"""
artivo468,"""Lisboa_ Teresa | Lusa_ Mailiz"""
artivo469,"""de Araujo_ Jailton Macena"""
artivo470,"""Cappelletti_ Priscilla | Andrade_ Marilene"""
artivo471,"""Lima_ Márcia"""
artivo472,"""Luna_ Naara"""
artivo473,"""Hevia De La Jara_ Felipe"""
artivo474,"""Sartori_ Dailor_ Jr- | Leivas_ Paulo Gilberto Cogo"""
artivo475,"""Santos_ Everton | Baquero_ Marcello"""
artivo476,"""Mello_ Luiz | de Avelar_ Rezende Bruno | Brito_ Walderes"""
artivo477,"""Nunes_ Thiago Soares | Toifo_ Suzana Da Rosa"""
artivo478,"""Pedro Afonso Cortez"""
artivo479,"""Lemos_ Eloy Pereira_ Jr- | Da Silva_ Fatima Cristina"""
artivo480,"""Mira_ Maria"""
artivo481,"""Schemes_ Claudia"""
artivo482,"""De Araujo_ Dhyego Camara"""
artivo483,"""Hoshino_ Thiago de Azevedo Pinheiro | de Chueiri_ Vera Karam"""
artivo484,"""Carneiro_ Rosamaria"""
artivo485,"""de Moura_ Alexandrina Sobreira"""
artivo486,"""Messenberg_ Débora"""
artivo487,"""Santos_ Everton | de Quevedo_ Daniela"""
artivo488,"""Mira_ Maria"""
artivo489,"""Powell_ Brenna | Silva_ Graziella"""
artivo490,"""Hevia_ Felipe J-"""
artivo491,"""Malta_ Deborah Carvalho | de Moura_ Lenildo | Bernal_ Regina Tomie Ivata"""
artivo492,"""Pedrotti_ Allane de Souza | Giorgi_ Maria Cristina"""
artivo493,"""Cazeiro_ Felipe"""
artivo494,"""Vasconcelos_ Anselmo Ferreira"""
artivo495,"""Calazans_ Dinara Leslye Macedo E Silva | de Souza_ Washington Jose | Pequeno_ Nila Patricia Freire | Resende de Araujo_ Fabio | de Lima_ Valdi_ Jr-"""
artivo496,"""D'Andrea_ Luigi Silvino | Romagnoli_ Roberta Carvalho"""
artivo497,"""Baggio_ Maria Carolina"""
artivo498,"""Vidal_ Camila Feix Vidal_ Camila Feix"""
artivo499,"""Segato_ Rita"""
artivo500,"""Mello_ Luiz | Brito_ Walderes"""
artivo501,"""Cappelle_ Monica Carvalho Alves | Melo_ Marlene Catarina De Oliveira Lopes"""
artivo502,"""Da Silva_ Pablo Marlon Medeiros | Neto_ Manoel Pereira Da Rocha | Brito_ Lydia Maria Pinto | Barreto_ Lais Karla Da Silva | Gurgel_ Fernanda Fernandes"""
artivo503,"""de Souza_ Filipe Augusto Silveira | Lemos_ Ana Heloisa Da Costa | Cavazotte_ Flavia de Souza Costa Neves | Malva_ Teresa Rachel Jesus"""
artivo504,"""Ferreira_ J- Flavio | Carlet_ Flavia"""
artivo505,"""Júnior_ João | Candido_ Marcia | de Melo_ Patricia | Vieira_ Lidiane"""
artivo506,"""Bolognesi_ Bruno"""
artivo507,"""Burity_ Joanildo"""
artivo508,"""Matos_ Andityas Soares de Moura Costa | Ramos_ Marcelo Maciel"""
artivo509,"""Maia_ Aline Passos | Bezerra_ Lara Pinheiro"""
artivo510,"""Da Veiga_ Laura | Bronzo_ Carla"""
artivo511,"""Silva_ Ricardo"""
artivo512,"""Domingues_ Petrônio"""
artivo513,"""Michetti_ Miqueli"""
artivo514,"""de Oliveira_ Jorge Eremites"""
artivo515,"""Mendonça_ Ricardo"""
artivo516,"""Carvalhaes_ Flavio"""
artivo517,"""Guimarães_ Juarez | Drumond_ André"""
artivo518,"""Piovesan_ Flavia | Silva_ Sandro Gorski"""
artivo519,"""Schwartzman_ Simon"""
artivo520,"""Rodrigues_ Lidiane"""
artivo521,"""Santos_ Emanuelle | Schor_ Patricia"""
artivo522,"""de Aquino_ Mauricio"""
artivo523,"""Jefferson Belarmino de Freitas"""
artivo524,"""Denora_ Emmanuella Magro | Alves_ Fernando de Brito"""
artivo525,"""Domingues_ Petrônio"""
artivo526,"""Barroso_ Luis Roberto"""
artivo527,"""Rafael Petry Trapp | Mozart Linhares Da Silva"""
artivo528,"""Leitão_ Leonardo | Silva_ Marcelo"""
artivo529,"""Gomes_ Nilma"""
artivo530,"""Dos Passos_ Joana | Nogueira_ Joao Dos Passos_ Joana (correspondence author)"""
artivo531,"""Amilcar Pereira"""
artivo532,"""Maurício Pedro Da Silva"""
artivo533,"""Iraneide Da Silva Soares"""
artivo534,"""Rosenverck Estrela Santos"""
artivo535,"""Clio Nudel Radomysler"""
artivo536,"""Bruna Ribeiro Troitinho | Igor Castellano Da Silva"""
artivo537,"""Da Silva_ L-K-R- | Aquino_ M-D-A-"""
artivo538,"""Hildeberto Vieira Martins"""
artivo539,"""Bárbara Sepúlveda Barros | Luci Helena Martins"""
artivo540,"""Rodrigues_ Bruno de Oliveira | Rezende_ Tayra Fonseca | Nunes_ Tiago de Garcia"""
artivo541,"""Paiva_ Angela Randolpho"""
artivo542,"""Marilise Luiza Martins Dos Reis"""
artivo543,"""Lewis_ Liana"""
artivo544,"""Jacqueline Botelho"""
artivo545,"""Grace Kelly Silva Sobral Souza"""
artivo546,"""Ribeiro_ Matilde"""
artivo547,"""Mariana Castro Teixeira"""
artivo548,"""Müller_ Tânia Mara Pedroso"""
artivo549,"""Fátima Lima"""
artivo550,"""Petrônio José Domingues"""
artivo551,"""Petrônio José Domingues"""
artivo552,"""Marcos Antonio Batista Da Silva | Maria Sílvia Ribeiro"""
artivo553,"""Marcos Chor Maio | Ricardo Ventura Santos"""
artivo554,"""Rosa_ Alexandre Reis"""
artivo555,"""Soares_ Claudete"""
artivo556,"""Marcos Vinícius Ribeiro de Araújo"""
artivo557,"""de Oliveira Pires_ Thula Rafaela"""
artivo558,"""Ribeiro_ Matilde | Piovesan_ Flavia"""
artivo559,"""Alberto_ Paulina L-"""
artivo560,"""Machado_ Marta | Lima_ Márcia | Neris_ Natália"""
artivo561,"""Matos_ Cristina | Araújo_ Marta"""
artivo562,"""Campos_ Luiz | Feres Júnior_ João"""
artivo563,"""Figueiredo_ Angela"""
artivo564,"""Domingues_ Petrônio"""
artivo565,"""Saillant_ Francine"""
artivo566,"""Igreja_ Rebecca"""
artivo567,"""Melo_ Carlos Vinicius Gomes | Dantas_ Gilcimar Santos | Fernandez_ Zelia Maria Brandao | Pereira_ Marcos Emanoel | Chaves_ Antonio Marcos"""
artivo568,"""Dorlin_ Elsa"""
artivo569,"""Dos Santos_ Sales Augusto | Cavalleiro_ Eliane | Barbosa_ Maria Ines Da Silva | Ribeiro_ Matilde"""
artivo570,"""Antonio Sérgio Alfredo Guimarães"""
artivo571,"""Flores_ Elio | Paz Tella_ Marco | Rocha_ Solange | Matos_ Cristina"""
artivo572,"""Amâncio Carvalho_ Roberta | Da Costa Lima_ Gustavo"""
artivo573,"""Reiter_ Bernd"""
artivo574,"""Ferreira_ Fernando"""
artivo575,"""Graziella Moraes Dias Da Silva"""
artivo576,"""Albuquerque_ Rosa Almeida Freitas | Pedron_ Cristiane Drebes | Quoniam_ Luc"""
artivo577,"""Matos_ M S | Bispo_ A M C | Lima_ E A C"""
artivo578,"""Milanez_ Felipe | Sa_ Lucia | Krenak_ Ailton | Cruz_ Felipe Sotto Maior | Ramos_ Elisa Urbano | de Jesus_ Genilson Dos Santos ""Taquary Pataxo"""""
artivo579,"""Coelho_ Luana Xavier Pinto"""
artivo580,"""Fernández_ Marta | Santiago_ Vinícius"""
artivo581,"""Pereira_ Cleyton Feitosa"""
artivo582,"""Santos_ Elisabete Figueroa Dos | Scopinho_ Rosemeire Aparecida"""
artivo583,"""Kenny_ Mary Lorena"""
artivo584,"""Roberto Carlos Da Silva Borges"""
artivo585,"""Castro Benevides_ Mario | Lopes Pinheiro_ Carlos"""
artivo586,"""Costa_ Sergio"""
artivo587,"""Azeredo_ Sandra"""
artivo588,"""Domingues_ Petrônio"""
artivo589,"""Do Rosário Linhares_ Luiz Fernando"""
