,Source,Target,Type,Label
0,auth0000,auth0000,undirected,artivo0
1,auth0001,auth0002,undirected,artivo1
2,auth0001,auth0003,undirected,artivo1
3,auth0001,auth0004,undirected,artivo1
4,auth0001,auth0005,undirected,artivo1
5,auth0002,auth0003,undirected,artivo1
6,auth0002,auth0004,undirected,artivo1
7,auth0002,auth0005,undirected,artivo1
8,auth0003,auth0004,undirected,artivo1
9,auth0003,auth0005,undirected,artivo1
10,auth0004,auth0005,undirected,artivo1
11,auth0006,auth0006,undirected,artivo2
12,auth0007,auth0008,undirected,artivo3
13,auth0009,auth0010,undirected,artivo4
14,auth0011,auth0011,undirected,artivo5
15,auth0012,auth0012,undirected,artivo6
16,auth0013,auth0013,undirected,artivo7
17,auth0014,auth0014,undirected,artivo8
18,auth0015,auth0016,undirected,artivo9
19,auth0017,auth0018,undirected,artivo10
20,auth0019,auth0019,undirected,artivo11
21,auth0020,auth0021,undirected,artivo12
22,auth0022,auth0022,undirected,artivo13
23,auth0023,auth0024,undirected,artivo14
24,auth0025,auth0025,undirected,artivo15
25,auth0026,auth0026,undirected,artivo16
26,auth0027,auth0027,undirected,artivo17
27,auth0028,auth0028,undirected,artivo18
28,auth0029,auth0029,undirected,artivo19
29,auth0030,auth0031,undirected,artivo20
30,auth0030,auth0032,undirected,artivo20
31,auth0030,auth0033,undirected,artivo20
32,auth0031,auth0032,undirected,artivo20
33,auth0031,auth0033,undirected,artivo20
34,auth0032,auth0033,undirected,artivo20
35,auth0034,auth0034,undirected,artivo21
36,auth0035,auth0036,undirected,artivo22
37,auth0037,auth0037,undirected,artivo23
38,auth0038,auth0039,undirected,artivo24
39,auth0040,auth0040,undirected,artivo25
40,auth0041,auth0041,undirected,artivo26
41,auth0042,auth0043,undirected,artivo27
42,auth0042,auth0044,undirected,artivo27
43,auth0042,auth0045,undirected,artivo27
44,auth0043,auth0044,undirected,artivo27
45,auth0043,auth0045,undirected,artivo27
46,auth0044,auth0045,undirected,artivo27
47,auth0046,auth0047,undirected,artivo28
48,auth0048,auth0049,undirected,artivo29
49,auth0050,auth0051,undirected,artivo30
50,auth0052,auth0052,undirected,artivo31
51,auth0053,auth0053,undirected,artivo32
52,auth0054,auth0055,undirected,artivo33
53,auth0054,auth0056,undirected,artivo33
54,auth0054,auth0057,undirected,artivo33
55,auth0055,auth0056,undirected,artivo33
56,auth0055,auth0057,undirected,artivo33
57,auth0056,auth0057,undirected,artivo33
58,auth0058,auth0058,undirected,artivo34
59,auth0059,auth0060,undirected,artivo35
60,auth0061,auth0061,undirected,artivo36
61,auth0062,auth0063,undirected,artivo37
62,auth0064,auth0065,undirected,artivo38
63,auth0064,auth0066,undirected,artivo38
64,auth0065,auth0066,undirected,artivo38
65,auth0067,auth0068,undirected,artivo39
66,auth0067,auth0066,undirected,artivo39
67,auth0068,auth0066,undirected,artivo39
68,auth0069,auth0069,undirected,artivo40
69,auth0070,auth0070,undirected,artivo41
70,auth0071,auth0071,undirected,artivo42
71,auth0072,auth0073,undirected,artivo43
72,auth0074,auth0074,undirected,artivo44
73,auth0071,auth0071,undirected,artivo45
74,auth0075,auth0075,undirected,artivo46
75,auth0076,auth0076,undirected,artivo47
76,auth0077,auth0077,undirected,artivo48
77,auth0078,auth0078,undirected,artivo49
78,auth0079,auth0080,undirected,artivo50
79,auth0081,auth0082,undirected,artivo51
80,auth0083,auth0083,undirected,artivo52
81,auth0084,auth0084,undirected,artivo53
82,auth0085,auth0086,undirected,artivo54
83,auth0087,auth0087,undirected,artivo55
84,auth0088,auth0089,undirected,artivo56
85,auth0088,auth0090,undirected,artivo56
86,auth0089,auth0090,undirected,artivo56
87,auth0091,auth0092,undirected,artivo57
88,auth0093,auth0093,undirected,artivo58
89,auth0094,auth0095,undirected,artivo59
90,auth0096,auth0096,undirected,artivo60
91,auth0097,auth0097,undirected,artivo61
92,auth0098,auth0098,undirected,artivo62
93,auth0099,auth0100,undirected,artivo63
94,auth0099,auth0101,undirected,artivo63
95,auth0099,auth0102,undirected,artivo63
96,auth0100,auth0101,undirected,artivo63
97,auth0100,auth0102,undirected,artivo63
98,auth0101,auth0102,undirected,artivo63
99,auth0103,auth0104,undirected,artivo64
100,auth0103,auth0105,undirected,artivo64
101,auth0103,auth0106,undirected,artivo64
102,auth0104,auth0105,undirected,artivo64
103,auth0104,auth0106,undirected,artivo64
104,auth0105,auth0106,undirected,artivo64
105,auth0107,auth0108,undirected,artivo65
106,auth0107,auth0109,undirected,artivo65
107,auth0108,auth0109,undirected,artivo65
108,auth0110,auth0111,undirected,artivo66
109,auth0112,auth0113,undirected,artivo67
110,auth0112,auth0114,undirected,artivo67
111,auth0113,auth0114,undirected,artivo67
112,auth0115,auth0115,undirected,artivo68
113,auth0107,auth0108,undirected,artivo69
114,auth0107,auth0116,undirected,artivo69
115,auth0108,auth0116,undirected,artivo69
116,auth0117,auth0117,undirected,artivo70
117,auth0118,auth0118,undirected,artivo71
118,auth0119,auth0119,undirected,artivo72
119,auth0120,auth0121,undirected,artivo73
120,auth0122,auth0123,undirected,artivo74
121,auth0122,auth0124,undirected,artivo74
122,auth0122,auth0125,undirected,artivo74
123,auth0122,auth0126,undirected,artivo74
124,auth0123,auth0124,undirected,artivo74
125,auth0123,auth0125,undirected,artivo74
126,auth0123,auth0126,undirected,artivo74
127,auth0124,auth0125,undirected,artivo74
128,auth0124,auth0126,undirected,artivo74
129,auth0125,auth0126,undirected,artivo74
130,auth0127,auth0127,undirected,artivo75
131,auth0128,auth0129,undirected,artivo76
132,auth0130,auth0131,undirected,artivo77
133,auth0132,auth0133,undirected,artivo78
134,auth0134,auth0135,undirected,artivo79
135,auth0136,auth0137,undirected,artivo80
136,auth0138,auth0055,undirected,artivo81
137,auth0138,auth0139,undirected,artivo81
138,auth0138,auth0057,undirected,artivo81
139,auth0055,auth0139,undirected,artivo81
140,auth0055,auth0057,undirected,artivo81
141,auth0139,auth0057,undirected,artivo81
142,auth0140,auth0141,undirected,artivo82
143,auth0142,auth0142,undirected,artivo83
144,auth0143,auth0144,undirected,artivo84
145,auth0145,auth0145,undirected,artivo85
146,auth0146,auth0146,undirected,artivo87
147,auth0147,auth0148,undirected,artivo88
148,auth0147,auth0149,undirected,artivo88
149,auth0147,auth0150,undirected,artivo88
150,auth0148,auth0149,undirected,artivo88
151,auth0148,auth0150,undirected,artivo88
152,auth0149,auth0150,undirected,artivo88
153,auth0151,auth0152,undirected,artivo89
154,auth0153,auth0154,undirected,artivo90
155,auth0155,auth0155,undirected,artivo91
156,auth0156,auth0156,undirected,artivo92
157,auth0157,auth0157,undirected,artivo93
158,auth0158,auth0158,undirected,artivo94
159,auth0159,auth0159,undirected,artivo95
160,auth0160,auth0160,undirected,artivo96
161,auth0161,auth0162,undirected,artivo97
162,auth0163,auth0163,undirected,artivo98
163,auth0164,auth0164,undirected,artivo99
164,auth0165,auth0165,undirected,artivo100
165,auth0166,auth0166,undirected,artivo101
166,auth0167,auth0167,undirected,artivo102
167,auth0168,auth0168,undirected,artivo103
168,auth0169,auth0170,undirected,artivo104
169,auth0171,auth0171,undirected,artivo105
170,auth0172,auth0173,undirected,artivo106
171,auth0172,auth0174,undirected,artivo106
172,auth0173,auth0174,undirected,artivo106
173,auth0175,auth0175,undirected,artivo107
174,auth0176,auth0176,undirected,artivo108
175,auth0177,auth0178,undirected,artivo109
176,auth0179,auth0179,undirected,artivo111
177,auth0180,auth0180,undirected,artivo112
178,auth0181,auth0182,undirected,artivo113
179,auth0183,auth0183,undirected,artivo114
180,auth0184,auth0185,undirected,artivo115
181,auth0184,auth0186,undirected,artivo115
182,auth0185,auth0186,undirected,artivo115
183,auth0187,auth0187,undirected,artivo116
184,auth0188,auth0188,undirected,artivo117
185,auth0189,auth0189,undirected,artivo118
186,auth0190,auth0191,undirected,artivo119
187,auth0190,auth0192,undirected,artivo119
188,auth0190,auth0193,undirected,artivo119
189,auth0190,auth0194,undirected,artivo119
190,auth0191,auth0192,undirected,artivo119
191,auth0191,auth0193,undirected,artivo119
192,auth0191,auth0194,undirected,artivo119
193,auth0192,auth0193,undirected,artivo119
194,auth0192,auth0194,undirected,artivo119
195,auth0193,auth0194,undirected,artivo119
196,auth0195,auth0195,undirected,artivo120
197,auth0196,auth0197,undirected,artivo121
198,auth0198,auth0199,undirected,artivo122
199,auth0198,auth0200,undirected,artivo122
200,auth0199,auth0200,undirected,artivo122
201,auth0201,auth0201,undirected,artivo123
202,auth0202,auth0203,undirected,artivo124
203,auth0202,auth0204,undirected,artivo124
204,auth0202,auth0205,undirected,artivo124
205,auth0203,auth0204,undirected,artivo124
206,auth0203,auth0205,undirected,artivo124
207,auth0204,auth0205,undirected,artivo124
208,auth0206,auth0207,undirected,artivo125
209,auth0206,auth0208,undirected,artivo125
210,auth0206,auth0209,undirected,artivo125
211,auth0207,auth0208,undirected,artivo125
212,auth0207,auth0209,undirected,artivo125
213,auth0208,auth0209,undirected,artivo125
214,auth0210,auth0210,undirected,artivo126
215,auth0211,auth0212,undirected,artivo127
216,auth0213,auth0213,undirected,artivo128
217,auth0214,auth0215,undirected,artivo129
218,auth0214,auth0216,undirected,artivo129
219,auth0215,auth0216,undirected,artivo129
220,auth0217,auth0217,undirected,artivo130
221,auth0218,auth0218,undirected,artivo132
222,auth0219,auth0220,undirected,artivo133
223,auth0221,auth0222,undirected,artivo134
224,auth0223,auth0224,undirected,artivo135
225,auth0225,auth0225,undirected,artivo136
226,auth0226,auth0226,undirected,artivo137
227,auth0227,auth0227,undirected,artivo138
228,auth0228,auth0229,undirected,artivo139
229,auth0228,auth0230,undirected,artivo139
230,auth0228,auth0231,undirected,artivo139
231,auth0229,auth0230,undirected,artivo139
232,auth0229,auth0231,undirected,artivo139
233,auth0230,auth0231,undirected,artivo139
234,auth0232,auth0232,undirected,artivo140
235,auth0233,auth0234,undirected,artivo141
236,auth0214,auth0215,undirected,artivo142
237,auth0214,auth0216,undirected,artivo142
238,auth0215,auth0216,undirected,artivo142
239,auth0217,auth0217,undirected,artivo143
240,auth0218,auth0218,undirected,artivo145
241,auth0219,auth0220,undirected,artivo146
242,auth0235,auth0235,undirected,artivo147
243,auth0223,auth0224,undirected,artivo148
244,auth0225,auth0225,undirected,artivo149
245,auth0226,auth0226,undirected,artivo150
246,auth0227,auth0227,undirected,artivo151
247,auth0228,auth0229,undirected,artivo152
248,auth0228,auth0230,undirected,artivo152
249,auth0228,auth0231,undirected,artivo152
250,auth0229,auth0230,undirected,artivo152
251,auth0229,auth0231,undirected,artivo152
252,auth0230,auth0231,undirected,artivo152
253,auth0232,auth0232,undirected,artivo153
254,auth0236,auth0236,undirected,artivo154
255,auth0237,auth0237,undirected,artivo155
256,auth0238,auth0238,undirected,artivo156
257,auth0239,auth0240,undirected,artivo157
258,auth0213,auth0213,undirected,artivo158
259,auth0241,auth0242,undirected,artivo159
260,auth0241,auth0243,undirected,artivo159
261,auth0242,auth0243,undirected,artivo159
262,auth0244,auth0245,undirected,artivo160
263,auth0244,auth0246,undirected,artivo160
264,auth0245,auth0246,undirected,artivo160
265,auth0247,auth0247,undirected,artivo161
266,auth0248,auth0248,undirected,artivo162
267,auth0249,auth0250,undirected,artivo163
268,auth0249,auth0251,undirected,artivo163
269,auth0250,auth0251,undirected,artivo163
270,auth0252,auth0253,undirected,artivo164
271,auth0254,auth0255,undirected,artivo165
272,auth0256,auth0256,undirected,artivo166
273,auth0257,auth0257,undirected,artivo167
274,auth0258,auth0258,undirected,artivo168
275,auth0259,auth0259,undirected,artivo169
276,auth0260,auth0261,undirected,artivo170
277,auth0260,auth0262,undirected,artivo170
278,auth0261,auth0262,undirected,artivo170
279,auth0263,auth0264,undirected,artivo171
280,auth0265,auth0266,undirected,artivo172
281,auth0265,auth0267,undirected,artivo172
282,auth0265,auth0268,undirected,artivo172
283,auth0266,auth0267,undirected,artivo172
284,auth0266,auth0268,undirected,artivo172
285,auth0267,auth0268,undirected,artivo172
286,auth0269,auth0270,undirected,artivo173
287,auth0271,auth0272,undirected,artivo174
288,auth0271,auth0273,undirected,artivo174
289,auth0272,auth0273,undirected,artivo174
290,auth0274,auth0275,undirected,artivo175
291,auth0274,auth0276,undirected,artivo175
292,auth0275,auth0276,undirected,artivo175
293,auth0277,auth0277,undirected,artivo176
294,auth0278,auth0278,undirected,artivo177
295,auth0279,auth0279,undirected,artivo178
296,auth0280,auth0281,undirected,artivo179
297,auth0282,auth0283,undirected,artivo180
298,auth0284,auth0285,undirected,artivo181
299,auth0284,auth0286,undirected,artivo181
300,auth0285,auth0286,undirected,artivo181
301,auth0287,auth0288,undirected,artivo182
302,auth0289,auth0290,undirected,artivo183
303,auth0291,auth0291,undirected,artivo184
304,auth0292,auth0293,undirected,artivo185
305,auth0294,auth0295,undirected,artivo186
306,auth0296,auth0296,undirected,artivo187
307,auth0297,auth0298,undirected,artivo188
308,auth0296,auth0296,undirected,artivo189
309,auth0299,auth0300,undirected,artivo190
310,auth0301,auth0301,undirected,artivo191
311,auth0302,auth0302,undirected,artivo192
312,auth0303,auth0304,undirected,artivo193
313,auth0303,auth0305,undirected,artivo193
314,auth0303,auth0306,undirected,artivo193
315,auth0304,auth0305,undirected,artivo193
316,auth0304,auth0306,undirected,artivo193
317,auth0305,auth0306,undirected,artivo193
318,auth0307,auth0308,undirected,artivo194
319,auth0309,auth0309,undirected,artivo195
320,auth0310,auth0295,undirected,artivo196
321,auth0311,auth0312,undirected,artivo197
322,auth0313,auth0314,undirected,artivo198
323,auth0313,auth0315,undirected,artivo198
324,auth0314,auth0315,undirected,artivo198
325,auth0316,auth0317,undirected,artivo199
326,auth0316,auth0318,undirected,artivo199
327,auth0317,auth0318,undirected,artivo199
328,auth0319,auth0319,undirected,artivo200
329,auth0320,auth0321,undirected,artivo201
330,auth0322,auth0323,undirected,artivo202
331,auth0324,auth0324,undirected,artivo203
332,auth0325,auth0326,undirected,artivo204
333,auth0325,auth0327,undirected,artivo204
334,auth0326,auth0327,undirected,artivo204
335,auth0328,auth0328,undirected,artivo205
336,auth0329,auth0330,undirected,artivo206
337,auth0331,auth0331,undirected,artivo207
338,auth0332,auth0332,undirected,artivo208
339,auth0333,auth0333,undirected,artivo209
340,auth0334,auth0334,undirected,artivo210
341,auth0335,auth0336,undirected,artivo211
342,auth0337,auth0338,undirected,artivo212
343,auth0337,auth0339,undirected,artivo212
344,auth0338,auth0339,undirected,artivo212
345,auth0340,auth0340,undirected,artivo213
346,auth0341,auth0341,undirected,artivo214
347,auth0342,auth0343,undirected,artivo215
348,auth0344,auth0344,undirected,artivo216
349,auth0345,auth0346,undirected,artivo217
350,auth0347,auth0348,undirected,artivo218
351,auth0349,auth0350,undirected,artivo219
352,auth0349,auth0351,undirected,artivo219
353,auth0350,auth0351,undirected,artivo219
354,auth0352,auth0352,undirected,artivo220
355,auth0353,auth0353,undirected,artivo221
356,auth0299,auth0065,undirected,artivo222
357,auth0299,auth0290,undirected,artivo222
358,auth0065,auth0290,undirected,artivo222
359,auth0354,auth0355,undirected,artivo223
360,auth0337,auth0338,undirected,artivo224
361,auth0337,auth0356,undirected,artivo224
362,auth0338,auth0356,undirected,artivo224
363,auth0357,auth0358,undirected,artivo225
364,auth0359,auth0360,undirected,artivo226
365,auth0361,auth0361,undirected,artivo228
366,auth0362,auth0363,undirected,artivo229
367,auth0364,auth0364,undirected,artivo230
368,auth0365,auth0366,undirected,artivo231
369,auth0367,auth0367,undirected,artivo232
370,auth0368,auth0368,undirected,artivo233
371,auth0369,auth0369,undirected,artivo234
372,auth0370,auth0370,undirected,artivo235
373,auth0371,auth0371,undirected,artivo236
374,auth0372,auth0373,undirected,artivo237
375,auth0374,auth0375,undirected,artivo238
376,auth0374,auth0376,undirected,artivo238
377,auth0375,auth0376,undirected,artivo238
378,auth0377,auth0378,undirected,artivo239
379,auth0379,auth0379,undirected,artivo240
380,auth0380,auth0381,undirected,artivo241
381,auth0382,auth0382,undirected,artivo242
382,auth0383,auth0384,undirected,artivo243
383,auth0383,auth0385,undirected,artivo243
384,auth0383,auth0386,undirected,artivo243
385,auth0383,auth0387,undirected,artivo243
386,auth0384,auth0385,undirected,artivo243
387,auth0384,auth0386,undirected,artivo243
388,auth0384,auth0387,undirected,artivo243
389,auth0385,auth0386,undirected,artivo243
390,auth0385,auth0387,undirected,artivo243
391,auth0386,auth0387,undirected,artivo243
392,auth0388,auth0388,undirected,artivo244
393,auth0389,auth0390,undirected,artivo245
394,auth0391,auth0391,undirected,artivo246
395,auth0392,auth0392,undirected,artivo247
396,auth0393,auth0393,undirected,artivo248
397,auth0394,auth0395,undirected,artivo249
398,auth0396,auth0397,undirected,artivo250
399,auth0398,auth0398,undirected,artivo251
400,auth0399,auth0400,undirected,artivo252
401,auth0401,auth0401,undirected,artivo253
402,auth0402,auth0403,undirected,artivo254
403,auth0402,auth0404,undirected,artivo254
404,auth0403,auth0404,undirected,artivo254
405,auth0405,auth0406,undirected,artivo255
406,auth0405,auth0407,undirected,artivo255
407,auth0405,auth0408,undirected,artivo255
408,auth0405,auth0409,undirected,artivo255
409,auth0406,auth0407,undirected,artivo255
410,auth0406,auth0408,undirected,artivo255
411,auth0406,auth0409,undirected,artivo255
412,auth0407,auth0408,undirected,artivo255
413,auth0407,auth0409,undirected,artivo255
414,auth0408,auth0409,undirected,artivo255
415,auth0410,auth0411,undirected,artivo256
416,auth0410,auth0412,undirected,artivo256
417,auth0410,auth0413,undirected,artivo256
418,auth0410,auth0414,undirected,artivo256
419,auth0411,auth0412,undirected,artivo256
420,auth0411,auth0413,undirected,artivo256
421,auth0411,auth0414,undirected,artivo256
422,auth0412,auth0413,undirected,artivo256
423,auth0412,auth0414,undirected,artivo256
424,auth0413,auth0414,undirected,artivo256
425,auth0415,auth0416,undirected,artivo257
426,auth0415,auth0417,undirected,artivo257
427,auth0416,auth0417,undirected,artivo257
428,auth0418,auth0418,undirected,artivo258
429,auth0419,auth0420,undirected,artivo259
430,auth0419,auth0421,undirected,artivo259
431,auth0419,auth0422,undirected,artivo259
432,auth0419,auth0423,undirected,artivo259
433,auth0420,auth0421,undirected,artivo259
434,auth0420,auth0422,undirected,artivo259
435,auth0420,auth0423,undirected,artivo259
436,auth0421,auth0422,undirected,artivo259
437,auth0421,auth0423,undirected,artivo259
438,auth0422,auth0423,undirected,artivo259
439,auth0424,auth0425,undirected,artivo260
440,auth0424,auth0426,undirected,artivo260
441,auth0424,auth0427,undirected,artivo260
442,auth0425,auth0426,undirected,artivo260
443,auth0425,auth0427,undirected,artivo260
444,auth0426,auth0427,undirected,artivo260
445,auth0428,auth0428,undirected,artivo261
446,auth0429,auth0429,undirected,artivo262
447,auth0430,auth0431,undirected,artivo263
448,auth0432,auth0432,undirected,artivo264
449,auth0433,auth0434,undirected,artivo265
450,auth0435,auth0436,undirected,artivo266
451,auth0437,auth0438,undirected,artivo267
452,auth0439,auth0440,undirected,artivo268
453,auth0441,auth0442,undirected,artivo269
454,auth0443,auth0443,undirected,artivo270
455,auth0444,auth0444,undirected,artivo271
456,auth0445,auth0445,undirected,artivo272
457,auth0446,auth0446,undirected,artivo273
458,auth0447,auth0447,undirected,artivo274
459,auth0448,auth0449,undirected,artivo275
460,auth0450,auth0450,undirected,artivo276
461,auth0451,auth0451,undirected,artivo277
462,auth0452,auth0452,undirected,artivo278
463,auth0453,auth0454,undirected,artivo279
464,auth0455,auth0455,undirected,artivo280
465,auth0456,auth0456,undirected,artivo281
466,auth0457,auth0457,undirected,artivo282
467,auth0458,auth0459,undirected,artivo283
468,auth0460,auth0461,undirected,artivo284
469,auth0462,auth0462,undirected,artivo285
470,auth0463,auth0463,undirected,artivo286
471,auth0464,auth0464,undirected,artivo287
472,auth0465,auth0465,undirected,artivo288
473,auth0466,auth0466,undirected,artivo289
474,auth0467,auth0467,undirected,artivo290
475,auth0468,auth0469,undirected,artivo291
476,auth0468,auth0470,undirected,artivo291
477,auth0469,auth0470,undirected,artivo291
478,auth0471,auth0471,undirected,artivo292
479,auth0472,auth0472,undirected,artivo293
480,auth0473,auth0473,undirected,artivo294
481,auth0474,auth0474,undirected,artivo295
482,auth0475,auth0475,undirected,artivo296
483,auth0476,auth0476,undirected,artivo298
484,auth0477,auth0477,undirected,artivo299
485,auth0478,auth0478,undirected,artivo300
486,auth0479,auth0479,undirected,artivo301
487,auth0480,auth0480,undirected,artivo302
488,auth0388,auth0388,undirected,artivo303
489,auth0087,auth0087,undirected,artivo304
490,auth0481,auth0481,undirected,artivo305
491,auth0482,auth0483,undirected,artivo306
492,auth0482,auth0484,undirected,artivo306
493,auth0482,auth0485,undirected,artivo306
494,auth0482,auth0486,undirected,artivo306
495,auth0482,auth0487,undirected,artivo306
496,auth0482,auth0488,undirected,artivo306
497,auth0482,auth0489,undirected,artivo306
498,auth0482,auth0490,undirected,artivo306
499,auth0482,auth0491,undirected,artivo306
500,auth0482,auth0492,undirected,artivo306
501,auth0482,auth0493,undirected,artivo306
502,auth0482,auth0494,undirected,artivo306
503,auth0483,auth0484,undirected,artivo306
504,auth0483,auth0485,undirected,artivo306
505,auth0483,auth0486,undirected,artivo306
506,auth0483,auth0487,undirected,artivo306
507,auth0483,auth0488,undirected,artivo306
508,auth0483,auth0489,undirected,artivo306
509,auth0483,auth0490,undirected,artivo306
510,auth0483,auth0491,undirected,artivo306
511,auth0483,auth0492,undirected,artivo306
512,auth0483,auth0493,undirected,artivo306
513,auth0483,auth0494,undirected,artivo306
514,auth0484,auth0485,undirected,artivo306
515,auth0484,auth0486,undirected,artivo306
516,auth0484,auth0487,undirected,artivo306
517,auth0484,auth0488,undirected,artivo306
518,auth0484,auth0489,undirected,artivo306
519,auth0484,auth0490,undirected,artivo306
520,auth0484,auth0491,undirected,artivo306
521,auth0484,auth0492,undirected,artivo306
522,auth0484,auth0493,undirected,artivo306
523,auth0484,auth0494,undirected,artivo306
524,auth0485,auth0486,undirected,artivo306
525,auth0485,auth0487,undirected,artivo306
526,auth0485,auth0488,undirected,artivo306
527,auth0485,auth0489,undirected,artivo306
528,auth0485,auth0490,undirected,artivo306
529,auth0485,auth0491,undirected,artivo306
530,auth0485,auth0492,undirected,artivo306
531,auth0485,auth0493,undirected,artivo306
532,auth0485,auth0494,undirected,artivo306
533,auth0486,auth0487,undirected,artivo306
534,auth0486,auth0488,undirected,artivo306
535,auth0486,auth0489,undirected,artivo306
536,auth0486,auth0490,undirected,artivo306
537,auth0486,auth0491,undirected,artivo306
538,auth0486,auth0492,undirected,artivo306
539,auth0486,auth0493,undirected,artivo306
540,auth0486,auth0494,undirected,artivo306
541,auth0487,auth0488,undirected,artivo306
542,auth0487,auth0489,undirected,artivo306
543,auth0487,auth0490,undirected,artivo306
544,auth0487,auth0491,undirected,artivo306
545,auth0487,auth0492,undirected,artivo306
546,auth0487,auth0493,undirected,artivo306
547,auth0487,auth0494,undirected,artivo306
548,auth0488,auth0489,undirected,artivo306
549,auth0488,auth0490,undirected,artivo306
550,auth0488,auth0491,undirected,artivo306
551,auth0488,auth0492,undirected,artivo306
552,auth0488,auth0493,undirected,artivo306
553,auth0488,auth0494,undirected,artivo306
554,auth0489,auth0490,undirected,artivo306
555,auth0489,auth0491,undirected,artivo306
556,auth0489,auth0492,undirected,artivo306
557,auth0489,auth0493,undirected,artivo306
558,auth0489,auth0494,undirected,artivo306
559,auth0490,auth0491,undirected,artivo306
560,auth0490,auth0492,undirected,artivo306
561,auth0490,auth0493,undirected,artivo306
562,auth0490,auth0494,undirected,artivo306
563,auth0491,auth0492,undirected,artivo306
564,auth0491,auth0493,undirected,artivo306
565,auth0491,auth0494,undirected,artivo306
566,auth0492,auth0493,undirected,artivo306
567,auth0492,auth0494,undirected,artivo306
568,auth0493,auth0494,undirected,artivo306
569,auth0495,auth0495,undirected,artivo307
570,auth0496,auth0497,undirected,artivo308
571,auth0498,auth0498,undirected,artivo309
572,auth0499,auth0499,undirected,artivo310
573,auth0309,auth0309,undirected,artivo311
574,auth0500,auth0501,undirected,artivo312
575,auth0502,auth0503,undirected,artivo313
576,auth0502,auth0504,undirected,artivo313
577,auth0502,auth0505,undirected,artivo313
578,auth0502,auth0506,undirected,artivo313
579,auth0503,auth0504,undirected,artivo313
580,auth0503,auth0505,undirected,artivo313
581,auth0503,auth0506,undirected,artivo313
582,auth0504,auth0505,undirected,artivo313
583,auth0504,auth0506,undirected,artivo313
584,auth0505,auth0506,undirected,artivo313
585,auth0507,auth0507,undirected,artivo314
586,auth0508,auth0509,undirected,artivo315
587,auth0510,auth0510,undirected,artivo316
588,auth0511,auth0511,undirected,artivo317
589,auth0512,auth0513,undirected,artivo318
590,auth0512,auth0514,undirected,artivo318
591,auth0512,auth0515,undirected,artivo318
592,auth0512,auth0516,undirected,artivo318
593,auth0513,auth0514,undirected,artivo318
594,auth0513,auth0515,undirected,artivo318
595,auth0513,auth0516,undirected,artivo318
596,auth0514,auth0515,undirected,artivo318
597,auth0514,auth0516,undirected,artivo318
598,auth0515,auth0516,undirected,artivo318
599,auth0517,auth0518,undirected,artivo319
600,auth0519,auth0519,undirected,artivo320
601,auth0520,auth0520,undirected,artivo321
602,auth0521,auth0521,undirected,artivo322
603,auth0522,auth0522,undirected,artivo323
604,auth0523,auth0523,undirected,artivo324
605,auth0524,auth0524,undirected,artivo325
606,auth0525,auth0525,undirected,artivo326
607,auth0526,auth0526,undirected,artivo327
608,auth0527,auth0528,undirected,artivo328
609,auth0529,auth0529,undirected,artivo329
610,auth0530,auth0531,undirected,artivo330
611,auth0532,auth0532,undirected,artivo331
612,auth0087,auth0087,undirected,artivo332
613,auth0533,auth0533,undirected,artivo333
614,auth0534,auth0534,undirected,artivo334
615,auth0535,auth0536,undirected,artivo335
616,auth0535,auth0537,undirected,artivo335
617,auth0536,auth0537,undirected,artivo335
618,auth0538,auth0538,undirected,artivo336
619,auth0539,auth0539,undirected,artivo337
620,auth0540,auth0540,undirected,artivo338
621,auth0392,auth0392,undirected,artivo339
622,auth0541,auth0541,undirected,artivo340
623,auth0542,auth0542,undirected,artivo341
624,auth0543,auth0544,undirected,artivo342
625,auth0545,auth0546,undirected,artivo343
626,auth0547,auth0547,undirected,artivo344
627,auth0548,auth0549,undirected,artivo345
628,auth0550,auth0550,undirected,artivo346
629,auth0551,auth0551,undirected,artivo347
630,auth0552,auth0552,undirected,artivo348
631,auth0553,auth0553,undirected,artivo349
632,auth0554,auth0554,undirected,artivo350
633,auth0555,auth0556,undirected,artivo351
634,auth0555,auth0557,undirected,artivo351
635,auth0555,auth0558,undirected,artivo351
636,auth0555,auth0559,undirected,artivo351
637,auth0556,auth0557,undirected,artivo351
638,auth0556,auth0558,undirected,artivo351
639,auth0556,auth0559,undirected,artivo351
640,auth0557,auth0558,undirected,artivo351
641,auth0557,auth0559,undirected,artivo351
642,auth0558,auth0559,undirected,artivo351
643,auth0560,auth0560,undirected,artivo352
644,auth0561,auth0562,undirected,artivo353
645,auth0563,auth0564,undirected,artivo354
646,auth0563,auth0492,undirected,artivo354
647,auth0563,auth0489,undirected,artivo354
648,auth0563,auth0487,undirected,artivo354
649,auth0563,auth0494,undirected,artivo354
650,auth0564,auth0492,undirected,artivo354
651,auth0564,auth0489,undirected,artivo354
652,auth0564,auth0487,undirected,artivo354
653,auth0564,auth0494,undirected,artivo354
654,auth0492,auth0489,undirected,artivo354
655,auth0492,auth0487,undirected,artivo354
656,auth0492,auth0494,undirected,artivo354
657,auth0489,auth0487,undirected,artivo354
658,auth0489,auth0494,undirected,artivo354
659,auth0487,auth0494,undirected,artivo354
660,auth0565,auth0565,undirected,artivo355
661,auth0566,auth0566,undirected,artivo356
662,auth0567,auth0567,undirected,artivo357
663,auth0568,auth0568,undirected,artivo358
664,auth0569,auth0569,undirected,artivo359
665,auth0570,auth0571,undirected,artivo360
666,auth0572,auth0573,undirected,artivo361
667,auth0574,auth0574,undirected,artivo362
668,auth0575,auth0575,undirected,artivo363
669,auth0576,auth0576,undirected,artivo364
670,auth0577,auth0577,undirected,artivo365
671,auth0578,auth0578,undirected,artivo366
672,auth0579,auth0579,undirected,artivo367
673,auth0580,auth0581,undirected,artivo368
674,auth0582,auth0582,undirected,artivo369
675,auth0583,auth0584,undirected,artivo370
676,auth0585,auth0586,undirected,artivo371
677,auth0587,auth0587,undirected,artivo372
678,auth0588,auth0589,undirected,artivo373
679,auth0590,auth0591,undirected,artivo374
680,auth0592,auth0592,undirected,artivo375
681,auth0593,auth0593,undirected,artivo376
682,auth0594,auth0595,undirected,artivo377
683,auth0596,auth0597,undirected,artivo378
684,auth0596,auth0598,undirected,artivo378
685,auth0596,auth0599,undirected,artivo378
686,auth0597,auth0598,undirected,artivo378
687,auth0597,auth0599,undirected,artivo378
688,auth0598,auth0599,undirected,artivo378
689,auth0600,auth0600,undirected,artivo379
690,auth0601,auth0602,undirected,artivo380
691,auth0601,auth0603,undirected,artivo380
692,auth0602,auth0603,undirected,artivo380
693,auth0604,auth0604,undirected,artivo381
694,auth0605,auth0606,undirected,artivo382
695,auth0607,auth0607,undirected,artivo383
696,auth0608,auth0608,undirected,artivo384
697,auth0609,auth0610,undirected,artivo385
698,auth0609,auth0611,undirected,artivo385
699,auth0610,auth0611,undirected,artivo385
700,auth0612,auth0612,undirected,artivo386
701,auth0613,auth0613,undirected,artivo387
702,auth0614,auth0615,undirected,artivo388
703,auth0616,auth0616,undirected,artivo389
704,auth0617,auth0617,undirected,artivo390
705,auth0618,auth0619,undirected,artivo391
706,auth0620,auth0621,undirected,artivo392
707,auth0620,auth0622,undirected,artivo392
708,auth0621,auth0622,undirected,artivo392
709,auth0623,auth0623,undirected,artivo393
710,auth0624,auth0625,undirected,artivo394
711,auth0626,auth0626,undirected,artivo395
712,auth0627,auth0627,undirected,artivo396
713,auth0628,auth0628,undirected,artivo397
714,auth0383,auth0384,undirected,artivo398
715,auth0383,auth0629,undirected,artivo398
716,auth0383,auth0630,undirected,artivo398
717,auth0384,auth0629,undirected,artivo398
718,auth0384,auth0630,undirected,artivo398
719,auth0629,auth0630,undirected,artivo398
720,auth0631,auth0632,undirected,artivo399
721,auth0633,auth0634,undirected,artivo400
722,auth0635,auth0635,undirected,artivo401
723,auth0636,auth0637,undirected,artivo402
724,auth0533,auth0533,undirected,artivo403
725,auth0638,auth0639,undirected,artivo404
726,auth0640,auth0640,undirected,artivo405
727,auth0641,auth0642,undirected,artivo406
728,auth0641,auth0643,undirected,artivo406
729,auth0642,auth0643,undirected,artivo406
730,auth0644,auth0644,undirected,artivo407
731,auth0645,auth0645,undirected,artivo408
732,auth0646,auth0647,undirected,artivo409
733,auth0646,auth0648,undirected,artivo409
734,auth0647,auth0648,undirected,artivo409
735,auth0649,auth0650,undirected,artivo410
736,auth0651,auth0651,undirected,artivo411
737,auth0652,auth0652,undirected,artivo412
738,auth0398,auth0398,undirected,artivo413
739,auth0653,auth0654,undirected,artivo414
740,auth0653,auth0655,undirected,artivo414
741,auth0654,auth0655,undirected,artivo414
742,auth0480,auth0480,undirected,artivo415
743,auth0656,auth0657,undirected,artivo416
744,auth0656,auth0658,undirected,artivo416
745,auth0656,auth0659,undirected,artivo416
746,auth0656,auth0660,undirected,artivo416
747,auth0656,auth0661,undirected,artivo416
748,auth0657,auth0658,undirected,artivo416
749,auth0657,auth0659,undirected,artivo416
750,auth0657,auth0660,undirected,artivo416
751,auth0657,auth0661,undirected,artivo416
752,auth0658,auth0659,undirected,artivo416
753,auth0658,auth0660,undirected,artivo416
754,auth0658,auth0661,undirected,artivo416
755,auth0659,auth0660,undirected,artivo416
756,auth0659,auth0661,undirected,artivo416
757,auth0660,auth0661,undirected,artivo416
758,auth0662,auth0662,undirected,artivo417
759,auth0663,auth0664,undirected,artivo418
760,auth0663,auth0665,undirected,artivo418
761,auth0664,auth0665,undirected,artivo418
762,auth0666,auth0666,undirected,artivo419
763,auth0667,auth0667,undirected,artivo420
764,auth0668,auth0669,undirected,artivo421
765,auth0670,auth0671,undirected,artivo422
766,auth0672,auth0672,undirected,artivo423
767,auth0673,auth0673,undirected,artivo424
768,auth0674,auth0675,undirected,artivo425
769,auth0676,auth0676,undirected,artivo426
770,auth0677,auth0677,undirected,artivo427
771,auth0678,auth0679,undirected,artivo428
772,auth0680,auth0680,undirected,artivo429
773,auth0681,auth0682,undirected,artivo430
774,auth0683,auth0684,undirected,artivo431
775,auth0683,auth0685,undirected,artivo431
776,auth0684,auth0685,undirected,artivo431
777,auth0686,auth0686,undirected,artivo432
778,auth0687,auth0687,undirected,artivo433
779,auth0688,auth0689,undirected,artivo434
780,auth0688,auth0690,undirected,artivo434
781,auth0689,auth0690,undirected,artivo434
782,auth0691,auth0692,undirected,artivo435
783,auth0691,auth0693,undirected,artivo435
784,auth0692,auth0693,undirected,artivo435
785,auth0694,auth0694,undirected,artivo436
786,auth0695,auth0695,undirected,artivo437
787,auth0696,auth0696,undirected,artivo438
788,auth0697,auth0698,undirected,artivo439
789,auth0697,auth0699,undirected,artivo439
790,auth0698,auth0699,undirected,artivo439
791,auth0700,auth0701,undirected,artivo440
792,auth0702,auth0703,undirected,artivo441
793,auth0704,auth0705,undirected,artivo442
794,auth0704,auth0706,undirected,artivo442
795,auth0705,auth0706,undirected,artivo442
796,auth0707,auth0707,undirected,artivo443
797,auth0708,auth0709,undirected,artivo444
798,auth0708,auth0710,undirected,artivo444
799,auth0709,auth0710,undirected,artivo444
800,auth0711,auth0711,undirected,artivo445
801,auth0712,auth0712,undirected,artivo446
802,auth0713,auth0713,undirected,artivo447
803,auth0613,auth0613,undirected,artivo448
804,auth0714,auth0714,undirected,artivo449
805,auth0715,auth0716,undirected,artivo450
806,auth0715,auth0717,undirected,artivo450
807,auth0716,auth0717,undirected,artivo450
808,auth0718,auth0718,undirected,artivo451
809,auth0719,auth0720,undirected,artivo452
810,auth0719,auth0721,undirected,artivo452
811,auth0720,auth0721,undirected,artivo452
812,auth0722,auth0722,undirected,artivo453
813,auth0723,auth0724,undirected,artivo454
814,auth0725,auth0725,undirected,artivo455
815,auth0726,auth0727,undirected,artivo456
816,auth0728,auth0728,undirected,artivo457
817,auth0729,auth0729,undirected,artivo458
818,auth0730,auth0731,undirected,artivo459
819,auth0730,auth0732,undirected,artivo459
820,auth0731,auth0732,undirected,artivo459
821,auth0733,auth0734,undirected,artivo460
822,auth0733,auth0735,undirected,artivo460
823,auth0734,auth0735,undirected,artivo460
824,auth0736,auth0737,undirected,artivo461
825,auth0738,auth0739,undirected,artivo462
826,auth0740,auth0741,undirected,artivo463
827,auth0742,auth0742,undirected,artivo464
828,auth0681,auth0743,undirected,artivo465
829,auth0681,auth0744,undirected,artivo465
830,auth0681,auth0745,undirected,artivo465
831,auth0743,auth0744,undirected,artivo465
832,auth0743,auth0745,undirected,artivo465
833,auth0744,auth0745,undirected,artivo465
834,auth0746,auth0747,undirected,artivo466
835,auth0748,auth0749,undirected,artivo467
836,auth0750,auth0751,undirected,artivo468
837,auth0752,auth0752,undirected,artivo469
838,auth0753,auth0754,undirected,artivo470
839,auth0078,auth0078,undirected,artivo471
840,auth0755,auth0755,undirected,artivo472
841,auth0756,auth0756,undirected,artivo473
842,auth0757,auth0758,undirected,artivo474
843,auth0759,auth0760,undirected,artivo475
844,auth0761,auth0762,undirected,artivo476
845,auth0761,auth0763,undirected,artivo476
846,auth0762,auth0763,undirected,artivo476
847,auth0764,auth0765,undirected,artivo477
848,auth0766,auth0766,undirected,artivo478
849,auth0767,auth0768,undirected,artivo479
850,auth0769,auth0769,undirected,artivo480
851,auth0770,auth0770,undirected,artivo481
852,auth0771,auth0771,undirected,artivo482
853,auth0772,auth0773,undirected,artivo483
854,auth0774,auth0774,undirected,artivo484
855,auth0775,auth0775,undirected,artivo485
856,auth0776,auth0776,undirected,artivo486
857,auth0759,auth0777,undirected,artivo487
858,auth0769,auth0769,undirected,artivo488
859,auth0778,auth0779,undirected,artivo489
860,auth0780,auth0780,undirected,artivo490
861,auth0781,auth0782,undirected,artivo491
862,auth0781,auth0783,undirected,artivo491
863,auth0782,auth0783,undirected,artivo491
864,auth0784,auth0785,undirected,artivo492
865,auth0786,auth0786,undirected,artivo493
866,auth0787,auth0787,undirected,artivo494
867,auth0788,auth0789,undirected,artivo495
868,auth0788,auth0790,undirected,artivo495
869,auth0788,auth0791,undirected,artivo495
870,auth0788,auth0792,undirected,artivo495
871,auth0789,auth0790,undirected,artivo495
872,auth0789,auth0791,undirected,artivo495
873,auth0789,auth0792,undirected,artivo495
874,auth0790,auth0791,undirected,artivo495
875,auth0790,auth0792,undirected,artivo495
876,auth0791,auth0792,undirected,artivo495
877,auth0793,auth0794,undirected,artivo496
878,auth0795,auth0795,undirected,artivo497
879,auth0796,auth0796,undirected,artivo498
880,auth0797,auth0797,undirected,artivo499
881,auth0761,auth0763,undirected,artivo500
882,auth0798,auth0799,undirected,artivo501
883,auth0800,auth0801,undirected,artivo502
884,auth0800,auth0802,undirected,artivo502
885,auth0800,auth0803,undirected,artivo502
886,auth0800,auth0804,undirected,artivo502
887,auth0801,auth0802,undirected,artivo502
888,auth0801,auth0803,undirected,artivo502
889,auth0801,auth0804,undirected,artivo502
890,auth0802,auth0803,undirected,artivo502
891,auth0802,auth0804,undirected,artivo502
892,auth0803,auth0804,undirected,artivo502
893,auth0805,auth0806,undirected,artivo503
894,auth0805,auth0807,undirected,artivo503
895,auth0805,auth0808,undirected,artivo503
896,auth0806,auth0807,undirected,artivo503
897,auth0806,auth0808,undirected,artivo503
898,auth0807,auth0808,undirected,artivo503
899,auth0809,auth0810,undirected,artivo504
900,auth0811,auth0812,undirected,artivo505
901,auth0811,auth0813,undirected,artivo505
902,auth0811,auth0814,undirected,artivo505
903,auth0812,auth0813,undirected,artivo505
904,auth0812,auth0814,undirected,artivo505
905,auth0813,auth0814,undirected,artivo505
906,auth0815,auth0815,undirected,artivo506
907,auth0816,auth0816,undirected,artivo507
908,auth0817,auth0818,undirected,artivo508
909,auth0819,auth0820,undirected,artivo509
910,auth0821,auth0822,undirected,artivo510
911,auth0823,auth0823,undirected,artivo511
912,auth0279,auth0279,undirected,artivo512
913,auth0824,auth0824,undirected,artivo513
914,auth0825,auth0825,undirected,artivo514
915,auth0826,auth0826,undirected,artivo515
916,auth0827,auth0827,undirected,artivo516
917,auth0828,auth0829,undirected,artivo517
918,auth0830,auth0831,undirected,artivo518
919,auth0832,auth0832,undirected,artivo519
920,auth0833,auth0833,undirected,artivo520
921,auth0834,auth0835,undirected,artivo521
922,auth0836,auth0836,undirected,artivo522
923,auth0837,auth0837,undirected,artivo523
924,auth0838,auth0839,undirected,artivo524
925,auth0279,auth0279,undirected,artivo525
926,auth0840,auth0840,undirected,artivo526
927,auth0841,auth0842,undirected,artivo527
928,auth0843,auth0844,undirected,artivo528
929,auth0331,auth0331,undirected,artivo529
930,auth0545,auth0845,undirected,artivo530
931,auth0846,auth0846,undirected,artivo531
932,auth0847,auth0847,undirected,artivo532
933,auth0848,auth0848,undirected,artivo533
934,auth0849,auth0849,undirected,artivo534
935,auth0850,auth0850,undirected,artivo535
936,auth0851,auth0852,undirected,artivo536
937,auth0853,auth0854,undirected,artivo537
938,auth0855,auth0855,undirected,artivo538
939,auth0856,auth0857,undirected,artivo539
940,auth0858,auth0859,undirected,artivo540
941,auth0858,auth0860,undirected,artivo540
942,auth0859,auth0860,undirected,artivo540
943,auth0861,auth0861,undirected,artivo541
944,auth0862,auth0862,undirected,artivo542
945,auth0863,auth0863,undirected,artivo543
946,auth0864,auth0864,undirected,artivo544
947,auth0865,auth0865,undirected,artivo545
948,auth0087,auth0087,undirected,artivo546
949,auth0866,auth0866,undirected,artivo547
950,auth0867,auth0867,undirected,artivo548
951,auth0868,auth0868,undirected,artivo549
952,auth0869,auth0869,undirected,artivo550
953,auth0869,auth0869,undirected,artivo551
954,auth0870,auth0871,undirected,artivo552
955,auth0307,auth0308,undirected,artivo553
956,auth0576,auth0576,undirected,artivo554
957,auth0188,auth0188,undirected,artivo555
958,auth0872,auth0872,undirected,artivo556
959,auth0873,auth0873,undirected,artivo557
960,auth0433,auth0434,undirected,artivo558
961,auth0874,auth0874,undirected,artivo559
962,auth0875,auth0876,undirected,artivo560
963,auth0875,auth0877,undirected,artivo560
964,auth0876,auth0877,undirected,artivo560
965,auth0878,auth0879,undirected,artivo561
966,auth0880,auth0300,undirected,artivo562
967,auth0388,auth0388,undirected,artivo563
968,auth0279,auth0279,undirected,artivo564
969,auth0881,auth0881,undirected,artivo565
970,auth0510,auth0510,undirected,artivo566
971,auth0512,auth0513,undirected,artivo567
972,auth0512,auth0514,undirected,artivo567
973,auth0512,auth0515,undirected,artivo567
974,auth0512,auth0516,undirected,artivo567
975,auth0513,auth0514,undirected,artivo567
976,auth0513,auth0515,undirected,artivo567
977,auth0513,auth0516,undirected,artivo567
978,auth0514,auth0515,undirected,artivo567
979,auth0514,auth0516,undirected,artivo567
980,auth0515,auth0516,undirected,artivo567
981,auth0882,auth0882,undirected,artivo568
982,auth0138,auth0055,undirected,artivo569
983,auth0138,auth0139,undirected,artivo569
984,auth0138,auth0057,undirected,artivo569
985,auth0055,auth0139,undirected,artivo569
986,auth0055,auth0057,undirected,artivo569
987,auth0139,auth0057,undirected,artivo569
988,auth0392,auth0392,undirected,artivo570
989,auth0883,auth0884,undirected,artivo571
990,auth0883,auth0885,undirected,artivo571
991,auth0883,auth0886,undirected,artivo571
992,auth0884,auth0885,undirected,artivo571
993,auth0884,auth0886,undirected,artivo571
994,auth0885,auth0886,undirected,artivo571
995,auth0887,auth0888,undirected,artivo572
996,auth0889,auth0889,undirected,artivo573
997,auth0401,auth0401,undirected,artivo574
998,auth0176,auth0176,undirected,artivo575
999,auth0184,auth0185,undirected,artivo576
1000,auth0184,auth0186,undirected,artivo576
1001,auth0185,auth0186,undirected,artivo576
1002,auth0890,auth0891,undirected,artivo577
1003,auth0890,auth0892,undirected,artivo577
1004,auth0891,auth0892,undirected,artivo577
1005,auth0656,auth0657,undirected,artivo578
1006,auth0656,auth0658,undirected,artivo578
1007,auth0656,auth0659,undirected,artivo578
1008,auth0656,auth0660,undirected,artivo578
1009,auth0656,auth0661,undirected,artivo578
1010,auth0657,auth0658,undirected,artivo578
1011,auth0657,auth0659,undirected,artivo578
1012,auth0657,auth0660,undirected,artivo578
1013,auth0657,auth0661,undirected,artivo578
1014,auth0658,auth0659,undirected,artivo578
1015,auth0658,auth0660,undirected,artivo578
1016,auth0658,auth0661,undirected,artivo578
1017,auth0659,auth0660,undirected,artivo578
1018,auth0659,auth0661,undirected,artivo578
1019,auth0660,auth0661,undirected,artivo578
1020,auth0673,auth0673,undirected,artivo579
1021,auth0893,auth0894,undirected,artivo580
1022,auth0895,auth0895,undirected,artivo581
1023,auth0896,auth0897,undirected,artivo582
1024,auth0898,auth0898,undirected,artivo583
1025,auth0899,auth0899,undirected,artivo584
1026,auth0900,auth0901,undirected,artivo585
1027,auth0902,auth0902,undirected,artivo586
1028,auth0445,auth0445,undirected,artivo587
1029,auth0279,auth0279,undirected,artivo588
1030,auth0903,auth0903,undirected,artivo589
