,Title,Authors
artivo0,"""Ações afirmativas na universidade pública: comparação entre o sistema de cotas e o sistema de bônus""","""De Mello E Souza_ A-"""
artivo1,"""Politicas afirmativas na educacao superior: o sistema de cotas na Unimontes.(ARTIGO ORIGINAL)""","""Neto_ A- B- A- | Mourao_ M- G- M- | Castro_ S- P- N- | Maciel_ R- C- | Franco_ A- L- M-"""
artivo2,"""Sistema de cotas na RBO""","""Camanho_ Gilberto Luis"""
artivo3,"""EDUCAÇÃO E AÇÕES AFIRMATIVAS: perfil sociorracial dos estudantes do IFMG campus Governador Valadares""","""Giulliano Gloria de Sousa | Victória Rodrigues Viegas"""
artivo4,"""Políticas públicas de ações afirmativas para ingresso na educação superior se justificam no Brasil?""","""Haas_ Celia Maria | Linhares_ Milton"""
artivo5,"""Quota system in the RBO Sistema de cotas na RBO""","""Gilberto Luis Camanho"""
artivo6,"""Desempenho dos candidatos no vestibular e o sistema de cotas na UERJ""","""Souza_ Alberto de Mello E"""
artivo7,"""A (IN) CONSTITUCIONALIDADE DO SISTEMA DE COTAS PARA NEGROS INSTITUÍDOS NO BRASIL""","""Régis de Andrade Cardoso"""
artivo8,"""O sistema de cotas raciais para negros nas universidades públicas brasileiras""","""Barbara Bruna Bressiani Cazella_ Acadêmica Do Curso de Direito Da Unoesc Campus de Joaçaba_ Brasil"""
artivo9,"""Liberdade e igualdade no sistema de cotas""","""Coutinho_ Ana Luisa Celino | Siqueira_ Adriana Castelo Branco De"""
artivo10,"""A CONSTITUCIONALIDADE DO SISTEMA DE COTAS UNIVERSITÁRIAS: UM ESTUDO COMPARATIVO ENTRE BRASIL E ESTADOS UNIDOS""","""Margarida Maria Lacombe Camargo | Henrique Cunha Rangel"""
artivo11,"""Desempenho dos candidatos no vestibular e o sistema de cotas na UERJ""","""de Mello e Souza_ A-"""
artivo12,"""A cor da universidade do Estado de Mato Grosso: um recorte da análise das concepções dos professores sobre o sistema de cotas para negros""","""Bruno Cezar Figueredo | Fátima Aparecida Da Silva Iocca"""
artivo13,"""Sistema de cotas: uma perspectiva de análise a partir do caso da Universidade Estadual do Norte Fluminense Darcy Ribeiro""","""Ludmila Gonçalves Da Matta"""
artivo14,"""O DIREITO FUNDAMENTAL AO TRABALHO DAS PESSOAS COM DEFICIENCIA: DIRETRIZES PARA A EFETIVACAO DO SISTEMA DE COTAS""","""Pessoa_ Flavia Moreira Guimaraes | Andrade_ Layanna Maria Santiago"""
artivo15,"""A universidade no Brasil e políticas de ações afirmativas""","""Paulo Gomes Lima"""
artivo16,"""Ações afirmativas em perspectiva""","""Marcos Antonio Batista Da Silva"""
artivo17,"""Sociogênese do racismo: raça, ações afirmativas e democracia""","""David Junior de Souza Silva"""
artivo18,"""A construção histórica das ações afirmativas para afrodescendentes no Brasil""","""Baez_ Narciso Leandro Xavier"""
artivo19,"""OS IMPACTOS DAS AÇÕES AFIRMATIVAS E POLÍTICA DE ASSISTÊNCIA ESTUDANTIL NO RENDIMENTO ACADÊMICO""","""Márcia Cristina Costa"""
artivo20,"""O direito fundamental à educação em face das ações afirmativas""","""Mário Ângelo Oliveira_Pós-Graduado Em Direito Da Administração Pública (Ufu-MG)| Advogado_ Brasil | Giovanna Cunha Mello_ Pós-Graduada Em Direito Processual Civil (Ufu-MG)- Advogada_ Brasil | Tiago Santos Issa_Pós-Graduado Em Direito Empresarial (Ufu-MG)- Advogado_ Brasil"""
artivo21,"""PRINCÍPIOS DE JUSTIÇA NAS AÇÕES AFIRMATIVAS PARA ACESSO À EDUCAÇÃO SUPERIOR""","""Chaiane de Medeiros Rosa"""
artivo22,"""(Inter) AÇÕES AFIRMATIVAS: Formação de professores para a decolonização do conhecimento""","""Jessica Santana Bruno | Cláudio Orlando Costa Do Nascimento"""
artivo23,"""Ações afirmativas e integração do negro no ensino superior: uma relação possível?""","""Tamyris Proenca Bonilha"""
artivo24,"""Estudantes cotistas negros e ações afirmativas no ensino superior""","""Benedito Gonçalves Eugenio | Julia Algarra"""
artivo25,"""Preto, gay e do Norte: Ações afirmativas na pele""","""Pereira_ A-L-C-"""
artivo26,"""Ações afirmativas no ensino superior e povos indígenas no Brasil: uma trajetória de trabalho""","""Lima_ Antonio Carlos de Souza"""
artivo27,"""AÇÕES AFIRMATIVAS: POLÊMICAS E POSSIBILIDADES SOBRE IGUALDADE RACIAL E O PAPEL DO ESTADO""","""Sales Augusto Dos Santos | Eliane Cavalleiro | Maria Inês Barbosa | Matilde Ribeiro"""
artivo28,"""Políticas de ações afirmativas: itinerário histórico e pontuações quanto à realidade brasileira""","""Nunes Do Nascimento Abreu_ Elisangela | Gomes Lima_ Paulo"""
artivo29,"""Políticas públicas e ações afirmativas""","""Cupertino_ Maria Cristina | Maria Doula_ Sheila"""
artivo30,"""AÇÕES AFIRMATIVAS NA EDUCAÇÃO: OS AVANÇOS NA REALIDADE BRASILEIRA NA PERSPECTIVA DA UNIVERSIDADE PARA TODOS""","""Ariane Andreia Teixeira Toubia | Paulo Gomes Lima"""
artivo31,"""Ações afirmativas no brasil: uma análise acerca da discriminação positiva como instrumento de concretização da justiça social""","""Trindade_ Nathália Maria Ariston"""
artivo32,"""PROJETOS DE ESCOLARIZAÇÃO E INGRESSO DE ESTUDANTES NEGROS NA UNIVERSIDADE EM CONTEXTO DE AÇÕES AFIRMATIVAS""","""Andrea Bayerl Mongim"""
artivo33,"""Ações afirmativas: polêmicas e possibilidades sobre igualdade racial e o papel do estado""","""Santos_ Sales Augusto Dos | Cavalleiro_ Eliane | Barbosa_ Maria Inês Da Silva | Ribeiro_ Matilde"""
artivo34,"""Educação matemática e ações afirmativas: possibilidades e desafios na docência universitária""","""Silva_ Guilherme Henrique Gomes Da"""
artivo35,"""Políticas de ações afirmativas: uma breve análise do programa de cotas""","""Aparecida Das Graças Geraldo | Regina Maria Simões Puccinelli Tancredi"""
artivo36,"""Extrafiscalidade e ações afirmativas – Diálogos entre teoria constitucional tributária e finanças públicas""","""Ana Paula de Oliveira Gomes"""
artivo37,"""Negros e indígenas ocupam o templo branco: ações afirmativas na UFRGS""","""Oliven_ Arabela Campos | Bello_ Luciane"""
artivo38,"""Ações afirmativas raciais no ensino superior público brasileiro: um panorama analítico""","""Daflon_ Verônica Toste | Feres Júnior_ João | Campos_ Luiz Augusto"""
artivo39,"""Ações afirmativas raciais no ensino superior público brasileiro: um panorama analítico.""","""Toste Daflon_ Verônica | Feres_ Joao | Campos_ Luiz Augusto"""
artivo40,"""Ações afirmativas na educação superior: mulheres negras cotistas e mobilidade social""","""Alves Cordeiro_ Ana Luisa"""
artivo41,"""A identificação de enquadramentos através da análise de correspondências: um modelo analítico aplicado à controvérsia das ações afirmativas raciais na imprensa""","""Campos_ Luiz Augusto"""
artivo42,"""Disputas e diálogos em torno do conceito de ""ações afirmativas"" para o ensino superior no Brasil""","""Sito_ Luanda"""
artivo43,"""Direitos fundamentais, educação indígena e identidade emancipatória: reflexões acerca de ações afirmativas no Brasil""","""Wenczenovicz_ Thaís Janaina | Baez_ Narciso Leandro Xavier"""
artivo44,"""Programa de ações afirmativas na UFSM: o ensino superior público sob o olhar de seus gestores - Affirmative action’s program at UFSM: the public higher education under the watch of yours managers""","""Cláudia Regina Costa Pacheco"""
artivo45,"""Disputas e diálogos em torno do conceito de ""ações afirmativas"" para o ensino superior no Brasil""","""Sito_ Luanda"""
artivo46,"""As ações afirmativas para afrodescendentes articuladas a partir de parcerias intersetoriais: uma análise argumentativa do caso Geração XXI""","""Lorenzo_ Rocío Alonso"""
artivo47,"""Ações afirmativas no ensino superior: análise do perfil socioeconômico e da experiência universitária de bolsistas do ProUni na PUC-Rio""","""Santos_ Clarissa Tagliari"""
artivo48,"""As ações afirmativas no Brasil: a intersecção dos argumentos sociológicos e jurídicos no debate brasileiro""","""Márcio Mucedula Aguiar"""
artivo49,"""Desigualdades raciais e políticas públicas: ações afirmativas no governo Lula""","""Lima_ Márcia"""
artivo50,"""O papel transformador do Direito: ações afirmativas e inserção das mulheres na política brasileira""","""De Macedo Souza_ Felipe | Ferreira Da Fonseca_ Gabriel"""
artivo51,"""Afetividade entre estudantes e sistema de cotas para negros""","""Nery_ Maria Da Penha | Costa_ Liana Fortunato"""
artivo52,"""Políticas públicas de ações afirmativas para a Educação Superior: o Conselho Universitário como arena de disputas""","""Batista_ Neusa Chaves"""
artivo53,"""Programa de ações afirmativas da Universidade Federal de Santa Catarina: resultados preliminares""","""Marcelo Henrique Romano Tragtenberg"""
artivo54,"""AS COTAS UNIVERSITÁRIAS E A PRÁTICA PEDAGÓGICA NO CURSO DE MEDICINA DA UNIVERSIDADE FEDERAL DE SERGIPE""","""Andrea Hermínia A- Oliveira | Paulo S- C- Neves"""
artivo55,"""Políticas de promoção da igualdade racial: impulso às ações afirmativas e à educação étnico-racial""","""Ribeiro_ Matilde"""
artivo56,"""As ações afirmativas na Universidade Federal de Sergipe e o reconhecimento social: a face oculta das avaliações""","""Neves_ Paulo S- C | Faro_ André | Schmitz_ Heike"""
artivo57,"""EDUCACAO E ACOES AFIRMATIVAS COMO DIREITO A PARTICIPACAO E AO PROCEDIMENTO.(8)""","""Iensue_ Geziela | De Carvalho_ Luciani Coimbra"""
artivo58,"""A teoria do reconhecimento como suporte para ações afirmativas de gênero no ambiente de trabalho: igualdade de gênero em uma sociedade plural""","""Gabriel Silvério_ Vinícius"""
artivo59,"""Ações afirmativas no sistema educacional: trajetórias de jovens negras da universidade de Brasília""","""Weller_ Wivian | Silveira_ Marly"""
artivo60,"""LICENCIATURA EM ESTUDOS AFRICANOS E AFRO-BRASILEIROS DA UFMA: ações afirmativas para a democratização do saber""","""Marcelo Pagliosa Carvalho"""
artivo61,"""Flexibilização dos direitos trabalhistas: ações afirmativas da dignidade da pessoa humana como forma de resistência""","""Rodrigo Goldschmidt_ Doutor Em Direito (Ufsc)_ Professor Unoesc_ Brasil"""
artivo62,"""PRINCIPIOLOGIA CONSTITUCIONAL E AÇÕES AFIRMATIVAS EM PROL DA INCLUSÃO DAS PESSOAS IDOSAS NO BRASIL: DE CHRONOS A KAIROS""","""Gisela Maria Bester"""
artivo63,"""Social quotas, affirmative actions, and dropout in the Business field: empirical analysis in a Brazilian federal university""","""Campos_ Larissa Couto | Machado_ Thalyson Renan Bitencourt | Miranda_ Gilberto José | Costa_ Patrícia de Souza"""
artivo64,"""GESTÃO ESCOLAR E AÇÕES AFIRMATIVAS: ENSINO DE HISTÓRIA E CULTURA AFRO-BRASILEIRA E AFRICANA EM UMA ESCOLA PÚBLICA DE REDENÇÃO-CE""","""Luana Mateus de Sousa | Carlos Rafael Vieira Caxile | Ana Lúcia Nobre Da Silveira | Elcimar Simão Martins"""
artivo65,"""POLÍTICAS DE AÇÕES AFIRMATIVAS: ESTUDO DAS RESERVAS DE VAGAS DA UNIVERSIDADE ESTADUAL DE SANTA CRUZ""","""Diogo Barbosa Figueredo | Marcelo Inácio Ferreira Ferraz | Moema Maria Badaró Cartibani Midlej"""
artivo66,"""No topo do mundo: Everest e ações afirmativas na pós-graduação""","""Dos Santos_ José Antônio | Garcia De Mello_ Luciana"""
artivo67,"""DESMISTIFICANDO AS AÇÕES AFIRMATIVAS: UMA ABORDAGEM DIALÉTICA DO CAMPO TEÓRICO SOBRE A INSTITUCIONALIZAÇÃO DA TUTELA DA DIFERENÇA""","""André Leonardo Copetti Santos | Rosângela Angelin | Evelyne Freistedt"""
artivo68,"""Estado brasileiro e desigualdades raciais: reflexões sobre as políticas de Ações Afirmativas""","""Cristiane Lourenço Teixeira"""
artivo69,"""Políticas de ações afirmativas: estudo das reservas de vagas da Universidade Estadual de Santa Cruz""","""Diogo Barbosa Figueredo | Marcelo Inácio Ferreira Ferraz | Moema Moema Maria Badaró Cartibani Midlej"""
artivo70,"""AÇÕES AFIRMATIVAS: uma proposta de superação do racismo e das desigualdades""","""Carlos Benedito Rodrigues Da Silva"""
artivo71,"""Ações afirmativas no vestibular da UFPR entre 2005 a 2012: de política afirmativa racial a política afirmativa de gênero""","""Cervi_ Emerson Urizzi"""
artivo72,"""A fruição dos direitos da mulher a partir das ações afirmativas""","""Roseli Teresinha Michaloski Alves"""
artivo73,"""Sistema de cotas: um debate. Dos dados à manutenção de privilégios e de poder""","""Queiroz_ Delcele Mascarenhas | Santos_ Jocélio Teles Dos"""
artivo74,"""Repertórios discursivos de estudantes universitários: sobre cotas raciais nas universidades públicas brasileiras""","""Camino_ Leoncio | Leite Tavares_ Talita | Rosas Torres_ Ana Raquel | Álvaro Estramiana_ José Luis | Garrido Luque_ Alicia"""
artivo75,"""As ações afirmativas e os desafios da luta pela igualdade na conjuntura atual""","""Cardoso_ Paulino De Jesus Francisco"""
artivo76,"""A eficácia horizontal direta dos direitos fundamentais no âmbito das relações de trabalho: o papel da negociação coletiva na implementação de ações afirmativas da dignidade do trabalhador""","""Rodrigo Goldschmidt | Rodrigo Espiúca Dos Anjos Siqueira"""
artivo77,"""Do “novo” ou “recordando o futuro”: políticas de inclusão no ensino superior brasileiro""","""Ivanise Monfredini | Marcia Feldman"""
artivo78,"""O estado da arte da produção do conhecimento sobre as ações afirmativas nas universidades estaduais paulistas.""","""Mangueira Carvalho_ Emanuel | Sánchez Gamboa_ Silvio"""
artivo79,"""DA CASA AO CONGRESSO--A INSERCAO DAS MULHERES NA POLITICA PARTIDARIA: ACOES AFIRMATIVAS PARA INCLUSAO FEMININA NOS PARLAMENTOS""","""Costa_ Ilton Garcia | Navas_ Ana Pavanini"""
artivo80,"""O princípio da igualdade na Constituição Brasileira e sua aplicabilidade nas ações afirmativas referentes ao ingresso no ensino superior""","""Clóvis Gorczevski | Rosane Beatris Mariano Da Rocha Barcelos Terra"""
artivo81,"""Acoes afirmativas: polemicas e possibilidades sobre igualdade racial e o papel do Estado.(Report)""","""Dos Santos_ Sales Augusto | Cavalleiro_ Eliane | Barbosa_ Maria Ines Da Silva | Ribeiro_ Matilde"""
artivo82,"""DISCRIMINACAO POSITIVA E AS ACOES AFIRMATIVAS: EQUALIZACAO E REPARACAO HISTORICA DAS MINORIAS ESTIGMATIZADAS PELAS MEDIDAS POSITIVAS DE INCLUSAO NO SERVICO PUBLICO""","""Araujo_ Luis Claudio Martins | Viegas_ Tiago Machado"""
artivo83,"""POVOS INDIGENAS E ACOES AFIRMATIVAS: ASPECTOS SOBRE A IMPLEMENTACAO DA LEI N. 12.711/2012 PELAS INSTITUICOES DE ENSINO FEDERAIS.(Report)""","""de Lemos_ Isabele Batista"""
artivo84,"""IGUALDADE E NAO DISCRIMINACAO: UM DEBATE SOBRE AS ACOES AFIRMATIVAS PARA A GARANTIA DE DIREITOS DOS HOMOSSEXUAIS NA SOCIEDADE BRASILEIRA/ IGUALDAD Y NO DISCRIMINACION: UN DEBATE SOBRE LAS ACCIONES AFIRMATIVAS PARA GARANTIZAR LOS DERECHOS PARA LOS HOMOSEXUAIS EN LA SOCIEDAD BRASILENA""","""Lima_ Fernanda Da Silva | Beninca_ Alexsandra Pizzetti"""
artivo85,"""Pensamento social e político de josé de souza marques: análise da trajetória de vida de um afro-descendente pioneiro das ações afirmativas no Brasil""","""Baía_ Paulo"""
artivo86,"""A experiência estadunidense das ações afirmativas: uma análise à luz da teoria da igualdade de Ronald Dworkin - doi: 10.5007/2175-795Xv28n1p63""",""" """
artivo87,"""Política de cotas no Brasil: política social?""","""Leite_ Janete Luzia"""
artivo88,"""Políticas de inclusão aplicadas na Universidade Federal de Santa Catarina: gestão social ou gestão estratégica?""","""Kátia Denise Moreira | Mércia Pereira | Sirlene Silveira de Amorim | Luís Moretto Neto"""
artivo89,"""A PRODUCAO ACADEMICA JURIDICA SOBRE AS ACOES AFIRMATIVAS NO BRASIL (2013 A 2016): TESES E DISSERTACOES SOB A OTICA DOS DIREITOS HUMANOS E FUNDAMENTAIS""","""Kim_ Richard Pae | Tommasiello_ Flavia Carneiro"""
artivo90,"""Fundamental Right to Equality and the Principle of Solidarity as Constitutional Basis for Affirmative Actions""","""Iuri Bolesina | Tássia Aparecida Gervasoni"""
artivo91,"""Movimentos negros, educação e ações afirmativas""","""Santos_ Sales Augusto Dos"""
artivo92,"""Ações afirmativas no Brasil: desafios e perspectivas""","""Piovesan_ Flávia"""
artivo93,"""A idéia de igualdade as ações afirmativas""","""Barrozo_ Paulo Daflon"""
artivo94,"""Ações afirmativas da perspectiva dos direitos humanos""","""Flavia Piovesan"""
artivo95,"""Ações afirmativas da perspectiva dos direitos humanos""","""Piovesan_ Flavia"""
artivo96,"""Ações afirmativas e o debate sobre racismo no Brasil""","""Hofbauer_ Andreas"""
artivo97,"""Ações afirmativas na UFPR: impactos da Lei n.12.711/2012 em dois cursos""","""Moreira_ Claudia Regina Baukat Silveira | Silva_ Paulo Vinicius Baptista Da"""
artivo98,"""Ações afirmativas e o debate sobre racismo no Brasil Afirmative actions and the debate on racism in Brazil""","""Andreas Hofbauer"""
artivo99,"""Race-based affirmative actions and the role played by the newspaper folha de S.Paulo""","""Ferreira_ N-T-"""
artivo100,"""Um panorama das ações afirmativas em universidades federais do sudeste Brasileiro""","""da Silva_ G-H-G-"""
artivo101,"""Há igualdade na desigualdade? Abrangência e limites das ações afirmativas""","""Pautassi_ Laura C"""
artivo102,"""AS POLÍTICAS DE AÇÕES AFIRMATIVAS PARA A EFETIVAÇÃO DE DIREITOS DA MINORIA NEGRA NO BRASIL""","""Danielle Annoni"""
artivo103,"""Ações afirmativas e o debate sobre racismo no Brasil""","""Hofbauer_ A-"""
artivo104,"""Crédito educativo, ações afirmativas e equidade social na educação superior da colômbia""","""Campo_ V-M-G- | Giraldo_ J-E-C-"""
artivo105,"""Ações afirmativas no Brasil e na África do Sul""","""Silva_ Graziella Moraes Dias Da"""
artivo106,"""Ações afirmativas e formação de professores: diálogos e perspectivas a partir do NEAB/UFSCar""","""Rodrigues_ Tatiane Cosentino | Cardoso_ Ivanilda Amado | Da Silva_ Andreia Rosalina"""
artivo107,"""Polarização no debate das cotas encobre diversidade das ações afirmativas""","""Cantarino_ Carolina"""
artivo108,"""Ações afirmativas no Brasil e na África do Sul Affirmative actions in Brazil and South Africa""","""Graziella Moraes Dias Da Silva"""
artivo109,"""Ações afirmativas na pós-graduação stricto sensu: Análise da universidade federal do Paraná""","""Vanali_ A-C- | Da Silva_ P-V-B-"""
artivo110,"""Cotas raciais na universidade brasileira e a ideologia da meritocracia""",""" """
artivo111,"""Estratégias de diálogo com o estranhamento no começo da vida universitária: políticas de acolhimento e permanência na Universidade Federal do Sul da Bahia""","""Silva Ferreira_ Sandro Augusto"""
artivo112,"""Entre o previsível e o contingente: etnografia do processo de decisão sobre uma política de ação afirmativa""","""Bevilaqua_ Ciméa Barbato"""
artivo113,"""Pode a genética definir quem deve se beneficiar das cotas universitárias e demais ações afirmativas?""","""Pena_ Sérgio D-J | Bortolini_ Maria Cátira"""
artivo114,"""A neutralização das discriminações por meio da educação da criança""","""Agra_ Klondy Lúcia de Oliveira"""
artivo115,"""Instituicao de ensino superior: analise das capacidades resilientes diante das politicas de acoes afirmativas""","""Albuquerque_ Rosa Almeida Freitas | Pedron_ Cristiane Drebes | Quoniam_ Luc"""
artivo116,"""Açôes afirmativas na educação superior: o caso dos Estados Unidos ""","""Jorge Enrique Celis-Giraldo"""
artivo117,"""Raça, classe e açao afirmativa na trajetória política de militantes negros de esquerda""","""Soares_ Claudete"""
artivo118,"""O Princípio da Igualdade e O Direito da Antidiscriminação: Discriminação Direta, Discriminação Indireta e Ações Afirmativas no Direito Constitucional Estadunidense""","""Roger Raupp Rios"""
artivo119,"""A política de cotas sociais para o acesso ao ensino superior: o caso das universidades federais mineiras""","""Sabrina Olimpio Caldas de Castro | Fernanda Maria de Almeida | Rafael Morais Pereira | Humberto Rodrigues Marques | José Estevam Chaves Braga"""
artivo120,"""ESVAZIAMENTO DO SUJEITO PELO DISCURSO: mídia e a prática do esquecimento""","""Zilda Martins Barbosa"""
artivo121,"""Acesso ao ensino superior brasileiro: perfil dos ingressantes do programa de inclusão da Unicamp""","""André Pires | Bruna Mara Da Silva Wargas"""
artivo122,"""Semana da Consciência Negra no IFSP: Práticas e Reflexões""","""Alexandre Da Silva de Paula | Carlos Roberto Waidemam | Eder Aparecido de Carvalho"""
artivo123,"""Pro-Haiti: Riflessioni Su Azione Affermativa per Gli Haitiani in Università Pubbliche Brasiliani""","""Aline Marques Marino"""
artivo124,"""Black and african students: individuals present, absent voices""","""Roseane Maria de Amorim | Andréa Giordanna Araujo Da Silva | Fabson Calixto Da Silva | Igor Rafael Bispo Santos"""
artivo125,"""A expansão das fronteiras da educação pública superior: uma análise da experiência da Universidade Federal da Fronteira Sul em Laranjeiras do Sul""","""Mohr_ Naira Estela Roesler | Monteiro_ Felipe Mattos | Costa_ Joaquim Gonçalves | Oliveira_ João Costa de"""
artivo126,"""Reflexões sobre a constitucionalidade das cotas raciais em Universidades Públicas no Brasil: referências internacionais e os desafios pós-julgamento das cotas""","""Bayma_ Fátima"""
artivo127,"""Inclusão profissional de pessoas com deficiências: um estudo sobre as políticas e práticas adotadas por empresas do setor de óleo e gás do Estado do Rio de Janeiro""","""Miranda_ Analice Valdman de | Carvalho_ José Luis Felicio"""
artivo128,"""Recrutamento político""","""Norris_ Pippa"""
artivo129,"""Demandas de docentes do ensino superior para a formação de alunos com deficiência""","""Silva_ Ani Martins | Cymrot_ Raquel | D'Antino_ Maria Eloisa Famá"""
artivo130,"""Cotas raciais em cartas de leitores da revista Caros Amigos: uma perspectiva dialógica""","""Freitas_ Irene de Lima"""
artivo131,"""A negação da raça e o discurso liberal-meritocrático""",""" """
artivo132,"""Seeing Like Citizens: Unofficial Understandings of Official Racial Categories in a Brazilian University *""","""Schwartzman_ Luisa Farah"""
artivo133,"""Vozes ameríndias na universidade pública inclusiva""","""Daniela Bueno de Oliveira Américo de Godoy | José Francisco Miguel Henriques Bairrão"""
artivo134,"""Incluindo quem? Um exame de indicadores socioeconômicos do Programa de Inclusão Social da USP""","""Piotto_ Débora Cristina | Nogueira_ Maria Alice"""
artivo135,"""A presença dos estudantes indígenas nas universidades estaduais do Paraná: trajetórias e pertencimentos""","""Amaral_ Wagner Roberto | Baibich-Faria_ Tânia Maria"""
artivo136,"""As políticas de cotas para negros nas universidades brasileiras e a posição dos intelectuais""","""Mascarenhas Queiroz_ Delcele"""
artivo137,"""O multiculturalismo e a dialética do universal e do particular""","""Frederico_ Celso"""
artivo138,"""COTAS DE ACESSO AO MERCADO DE TRABALHO PARA PESSOAS COM DEFICIÊNCIA: BREVES REFLEXÕES""","""Ariolindo Neres Sousa Júnior"""
artivo139,"""Desempenho e etnia: um estudo no processo seletivo em uma instituição federal de ensino no Brasil""","""Dantas De Assunção_ Marcus Vinicius | Chaves Gomes_ Anna Cecília | Medeiros Cavalcanti_ Joyce Mariella | Galdino De Araújo_ Afrânio"""
artivo140,"""Oferta, Demanda e Nota de Corte: Experimento Natural sobre Efeitos da Lei das Cotas no Acesso à Universidade Federal de Minas Gerais""","""Karruz_ Ana"""
artivo141,"""Constructos identitários e territorialidade: ser ou não ser Camba no Brasil""","""Delgado_ Paulo Sérgio | Henrique Silva_ Ruth 2014"""
artivo142,"""Demandas de docentes do ensino superior para a formação de alunos com deficiência""","""Silva_ Ani Martins | Cymrot_ Raquel | D'Antino_ Maria Eloisa Famá"""
artivo143,"""Cotas raciais em cartas de leitores da revista Caros Amigos: uma perspectiva dialógica""","""Freitas_ Irene de Lima"""
artivo144,"""A negação da raça e o discurso liberal-meritocrático""",""" """
artivo145,"""Seeing Like Citizens: Unofficial Understandings of Official Racial Categories in a Brazilian University *""","""Schwartzman_ Luisa Farah"""
artivo146,"""Vozes ameríndias na universidade pública inclusiva""","""Daniela Bueno de Oliveira Américo de Godoy | José Francisco Miguel Henriques Bairrão"""
artivo147,"""Políticas de ações afirmativas, pessoas com deficiência e o reconhecimento das identidades e diferenças no ensino superior brasileiro""","""Cabral_ L-S-A-"""
artivo148,"""A presença dos estudantes indígenas nas universidades estaduais do Paraná: trajetórias e pertencimentos""","""Amaral_ Wagner Roberto | Baibich-Faria_ Tânia Maria"""
artivo149,"""As políticas de cotas para negros nas universidades brasileiras e a posição dos intelectuais""","""Mascarenhas Queiroz_ Delcele"""
artivo150,"""O multiculturalismo e a dialética do universal e do particular""","""Frederico_ Celso"""
artivo151,"""COTAS DE ACESSO AO MERCADO DE TRABALHO PARA PESSOAS COM DEFICIÊNCIA: BREVES REFLEXÕES""","""Ariolindo Neres Sousa Júnior"""
artivo152,"""Desempenho e etnia: um estudo no processo seletivo em uma instituição federal de ensino no Brasil""","""Dantas De Assunção_ Marcus Vinicius | Chaves Gomes_ Anna Cecília | Medeiros Cavalcanti_ Joyce Mariella | Galdino De Araújo_ Afrânio"""
artivo153,"""Oferta, Demanda e Nota de Corte: Experimento Natural sobre Efeitos da Lei das Cotas no Acesso à Universidade Federal de Minas Gerais""","""Karruz_ Ana"""
artivo154,"""Affirmative action and black integration in university: is that a possible interaction?""","""Bonilha_ Tamyris Proenca"""
artivo155,"""Da resistência à violência de Estado a um novo projeto de formação nacional: genealogias das políticas de Direitos Humanos no Brasil""","""Silva_ Kelly"""
artivo156,"""As políticas públicas de ação afirmativa na educação e sua compatibilidade com o princípio da isonomia: acesso às universidades por meio de cotas para afrodescendentes""","""Santana_ Elaine Barbosa"""
artivo157,"""“Eso no es lo mío”: un análisis de conflictos en la apropiación de prácticas de literacidad académica""","""Sito_ Luanda | Kleiman_ Angela"""
artivo158,"""Recrutamento político""","""Norris_ Pippa"""
artivo159,"""La seguridad social como un derecho fundamental para las comunidades rurales en Colombia""","""Duque Quintero_ Sandra Patricia | Quintero Quintero_ Marta Lucía | Duque Quintero_ Derfrey Antonio"""
artivo160,"""Limites da lei de cotas nas universidades públicas federais""","""Medeiros_ Hugo Augusto Vasconcelos | Mello Neto_ Ruy De Deus | Gomes_ Andreia Macedo"""
artivo161,"""Cotas Raciais na UFSC: Trajetórias e Projetos em um novo Campo de Possibilidades""","""Gabriela Solange Sagaz"""
artivo162,"""DESENVOLVIMENTO E MULTICULTURALISMO: UMA ANÁLISE DA POLÍTICA DE COTAS NO CENÁRIO BRASILEIRO""","""Felipe Franz Wienke"""
artivo163,"""Políticas de ação afirmativa e o experimento de listas: o caso das cotas raciais na universidade brasileira""","""Turgeon_ Mathieu | Chaves_ Bruno Sant'Anna | Wives_ Willian Washington"""
artivo164,"""Política de cotas e democratização do ensino superior: a visão dos implementadores""","""Souza_ Andreliza Cristina De | Teixeira Brandalise_ Mary Ângela"""
artivo165,"""Representações sociais das cotas raciais em duas universidades públicas do Estado do Rio de Janeiro: um estudo comparativo""","""Luciene Alves Miguez Naiff | Denis Giovani Monteiro Naiff"""
artivo166,"""Cotas raciais em concurso público: O ingresso na carreira docente""","""De Faria_ Iolanda Pinto"""
artivo167,"""The policy of quotas to admission in teaching career in federal universities is based in several acts, including the Law n. 12,990 / 2014, the Law of Guidelines and Bases of National Education and the Statute of Racial Equality. A documental and bibliographic’s study, this work aims discuss the relevance of the quota system, from an interdisciplinary analysis of the social function of the university. A política de cotas para ingresso na carreira docente em universidades federais se fundamenta em diversos diplomas legais, como a Lei n. 12.990/2014, a Lei de Diretrizes e Bases da Educação Nacional e no Estatuto da Igualdade Racial. Estudo de caráter documental e bibliográfico, esse trabalho almeja debater a relevância desse sistema de cotas a partir de uma análise interdisciplinar da função social da universidade. Fundación Dialnet""","""Política de cotas da Ufrgs = From criticism to politics: tensions between recognition and racial democracy in the quota policy of the Federal University of Rio Grande do Sul_ Brazil"""
artivo168,"""O acesso ao curso de Pedagogia da UFGD: uma análise da relação entre Educação Básica e Educação Superior""","""Mary Ane Souza"""
artivo169,"""POLÍTICAS BRASILEIRAS DE INCLUSÃO EDUCATIVA E EXPANSÃO DAS MATRÍCULAS NO ENSINO SUPERIOR: SEUS PRESSUPOSTOS E POSSÍVEIS CONSEQUÊNCIAS PARA O “VIVER ACADÊMICO” ""Dossíê História da Educação: Família e Educação Através dos Tempo.""""","""Igor Adolfo Assaf Mendes"""
artivo170,"""A política afirmativa ""Argumento de Inclusão"" como forma de acesso à universidade pública: o caso da Universidade Federal do Rio Grande do Norte""","""Griner_ Almog | Sampaio_ Luciano Menezes Bezerra | Sampaio_ Raquel Menezes Bezerra"""
artivo171,"""Public policy and affirmative action""","""Maria Cristina Cupertino | Sheila Maria Doula"""
artivo172,"""Perfil do Estudante de Medicina da Universidade do Estado do Rio Grande do Norte (UERN), 2013""","""Cardoso Filho_ Francisco de Assis Brito | Magalhães_ Juliano Fontenele | Silva_ Kássio Murillo Leite Da | Pereira_ Izete Soares Da Silva Dantas"""
artivo173,"""INDÍGENAS NA UNIVERSIDADE DO ESTADO DO AMAZONAS""","""Estácio_ Marcos André Ferreira | Almeida_ Diana Andreza Rebouças"""
artivo174,"""Política de cotas raciais na UnB: um estudo sobre o acesso de negros na universidade durante o período 2004 a 2012""","""Amanda Vanessa Pereira Assunção | Catarina de Almeida Santos | Danielle Xabrega Pamplona Nogueira"""
artivo175,"""Política de cotas para ingresso em instituições federais de ensino superior: um estudo interdisciplinar da Lei n. 12.711/2012""","""De Faria_ Iolanda Pinto | Gonçalves Dos Santos_ Georgina | Ramos Mendes_ José Aurivaldo Sacchetta"""
artivo176,"""Affirmative Action and Political Dispute in Today’s Brazilian Academe""","""Dos Santos_ Sales Augusto Simões_ Paulo C- Gaertner (Editor)"""
artivo177,"""Los estudios culturales en América Latina: interculturalidad, acciones afirmativas y encuentro de saberes""","""de Carvalho_ José Jorge"""
artivo178,"""Agenciar raça, reinventar a nação: o Movimento Pelas Reparações no Brasil""","""Domingues_ Petrônio"""
artivo179,"""POLÍTICAS DE AÇÃO AFIRMATIVA E O DIREITO À EDUCAÇÃO: DESAFIOS DE ACESSO E DE PERMANÊNCIA DE ESTUDANTES INDÍGENAS NO ESTADO DO RIO DE JANEIRO""","""Kelly Russo | Edson Diniz"""
artivo180,"""Inclusão e segmentação social no Ensino Superior público no Estado de São Paulo (1990-2012)""","""Almeida_ Ana Maria F | Ernica_ Mauricio"""
artivo181,"""A Luta dos Negros e das Negras Continua: entrevista com Kabengele Munanga""","""Felipe Bruno Martins Fernandes | Florita Cuhanga António Telo | Rosangela Cordaro"""
artivo182,"""DEMOCRATIZAÇÃO DO ACESSO AO ENSINO SUPERIOR PÚBLICO: ANÁLISE DAS POLÍTICAS DE INGRESSO DA UFFS/DEMOCRATIZATION OF THE ACCESS TO THE PUBLIC HIGHER EDUCATION: ANALYSIS OF THE POLICIES IN UFFS""","""Joviles Vitório Trevisol | Rosileia Nierotka"""
artivo183,"""Ação afirmativa na Índia e no Brasil: um estudo sobre a retórica acadêmica""","""Feres Jr_ João | Daflon_ Verônica Toste"""
artivo184,"""COTAS RACIAIS EM FOCO: A TRAJETÓRIA DOS ALUNOS NEGROS NA UNIVERSIDADE FEDERAL DO RIO GRANDE DO SUL""","""Bruna Cruz de Anhaia"""
artivo185,"""Por um Dispositivo Discursivo de Silenciamento das Identidades""","""Marcelo Giovannetti Ferreira Luz | Soeli M- Schreiber Da Silva"""
artivo186,"""Notas para a interpretação das desigualdades raciais na educação""","""Valverde_ Danielle Oliveira | Stocco_ Lauro"""
artivo187,"""O projeto político quilombola: desafios, conquistas e impasses atuais""","""Leite_ Ilka Boaventura"""
artivo188,"""“Políticas de cotas” para afrodescendentes no Brasil: considerações sobre a constitucionalidade e a finalidade de sua adoção""","""Vanessa Wendt Kroth | Daniel Lena Marchiori Neto"""
artivo189,"""O projeto politico quilombola: desafios, conquistas e impasses atuais""","""Leite_ Ilka Boaventura"""
artivo190,"""Ação afirmativa, comunitarismo e multiculturalismo: relações necessárias ou contingentes?""","""Campos_ Luiz Augusto | Feres Júnior_ João"""
artivo191,"""Direito, poder, ideologia: discurso jurídico como narrativa cultural""","""Moreira_ Adilson José"""
artivo192,"""Luta anti-racista: entre reconhecimento e redistribuiçao""","""Neves_ Paulo Sérgio Da C"""
artivo193,"""Escola pública e educação não-formal caracterizando o programa Projovem campo""","""Luzia Nunes Mamoré | Paulo Gomes Lima | Antonio Bosco de Lima | Glaucia Carvalho Gomes"""
artivo194,"""Política de cotas raciais, os ""olhos da sociedade"" e os usos da antropologia: o caso do vestibular da Universidade de Brasília (UnB)""","""Marcos Chor Maio | Ricardo Ventura Santos"""
artivo195,"""Political action between recognition and redistribution: anti-racist engagement dilemmas in Brazil""","""Neves_ Paulo"""
artivo196,"""Notas para a interpretacao das desigualdades raciais na educacao.(Report)""","""Oliveira Valverde_ Danielle | Stocco_ Lauro"""
artivo197,"""Desafios para a equidade racial nas universidades: os processos de continuidade da colonização na esfera epistemológica de formação""","""Bruno_ Jessica Santana | Do Nascimento_ Claudio Orlando Costa"""
artivo198,"""As relações raciais na educação básica: uma reflexão necessária""","""Geise Ferreira | Zelair Olézia Rezer Da Silva | Ivone Jesus Alexandre"""
artivo199,"""O subproduto social advindo das cotas raciais na educação superior do Brasil""","""Santos_ Hélio | Souza_ Marcilene Garcia de | Sasaki_ Karen"""
artivo200,"""Direitos Humanos à Água e ao Saneamento e a Política de Saneamento Básico no Brasil""","""Juliana de Senzi Zancul"""
artivo201,"""Diversidade e gestão democrática no contexto educacional""","""Francisca Das Chagas Silva Lima | Maria José Pires Barros Cardozo"""
artivo202,"""A construção social e política pela não-discriminação por orientação sexual""","""Silva_ Fernando Rodrigues | Nardi_ Henrique Caetano"""
artivo203,"""POLÍTICAS DE IDENTIDADE NO CONTEXTO DA DISCUSSÃO RACIAL: A ACADEMIA NEGRA NO BRASIL""","""Sheila Ferreira Miranda"""
artivo204,"""Encontro Nacional de Estudantes Indígenas no Brasil: reflexões compartilhadas""","""Barcelos Doebber_ Michele | Domingos_ Angélica | Silva_ Ivanilde Da"""
artivo205,"""Estudantes indígenas no contexto universitário da Universidade Federal da Bahia""","""Ana Cláudia Gomes de Souza"""
artivo206,"""Alteridade e suas complexas relações socioculturais""","""Sabrina Plá | Ademir José Rosso"""
artivo207,"""O movimento negro no Brasil: ausências, emergências e a produçao dos saberes""","""Gomes_ Nilma"""
artivo208,"""POLÍTICAS PÚBLICAS DE PROMOÇÃO DA IGUALDADE RACIAL NA EDUCAÇÃO INFANTIL, EXISTE?""","""Lucimar Rosa Dias"""
artivo209,"""Narração de mitologias afro-brasileiras na educação infantil: possibilidades de atuação para uma aprendizarem democrática""","""Barros_ Mariana Leal de"""
artivo210,"""CURSO DE BRANCO: UMA ABORDAGEM SOBRE ACESSO E PERMANÊNCIA ENTRE ESTUDANTES DE ORIGEM POPULAR NOS CURSOS DE SAÚDE DA UNIVERSIDADE FEDERAL DO RECÔNCAVO DA BAHIA (UFRB)""","""Dyane Brito Reis Santos"""
artivo211,"""APLICAÇÃO DA ESCALA DE CONCEPÇÕES DE DEFICIÊNCIA (ECD) EM UMA UNIVERSIDADE PÚBLICA DO BRASIL""","""Leite_ Lucia Pereira | Mattos_ Beatriz Marques"""
artivo212,"""Desafios do currículo multicultural na educação superior para indígenas""","""David_ Moisés | Melo_ Maria Lúcia | Silva Malheiro_ João Manoel Da"""
artivo213,"""EU MENINA NEGRA – REFLEXÕES PÓS-SIMPÓSIO SER NEGRA""","""Zora Yonara Torres Costa"""
artivo214,"""A Constituição Federal de 1988 e o exercício das medidas afirmativas pelo poder público""","""Nogueira Júnior_ Francisco De Albuquerque"""
artivo215,"""Segregação ocupacional no mercado de trabalho segundo cor e nível de escolaridade no Brasil contemporâneo""","""Ribeiro_ Rosana | Araújo_ Guilherme Silva"""
artivo216,"""Inclusão Excludente: análise da ideologia do Programa de Cotas para o Ensino Superior no Brasil""","""Marisa Claudia Jacometo Durante"""
artivo217,"""O JUDICIÁRIO DIANTE DO DIREITO FUNDAMENTAL À IDENTIDADE ÉTNICA""","""Ilzver de Matos Oliveira Oliveira | Júlio César Diniz Hoenisch"""
artivo218,"""A Defensoria Pública e o reconhecimento das diferenças: potencialidades e desafios de suas práticas institucionais em São Paulo""","""Vieira_ Vanessa Alves | Radomysler_ Clio Nudel"""
artivo219,"""Transitando entre universidade e trabalho: trajetórias desiguais e políticas afirmativas""","""Guimarães_ Nadya Araujo | Andrada_ Ana Carolina | Picanço_ Monise Fernandes"""
artivo220,"""""Dia da mulher negra latino-americana e caribenha"": perspectivas sobre a política de saúde e bem-estar""","""Cruz_ Isabel C-F- Da"""
artivo221,"""Aplicando a lei 10.639/03 no ensino de história, de acordo com as diretrizes curriculares""","""Dalva De Assis_ Relindes"""
artivo222,"""Administrando o debate público: O Globo e a controvérsia em torno das cotas raciais""","""Campos_ Luiz Augusto | Feres Júnior_ João | Daflon_ Verônica Toste"""
artivo223,"""Educação antirracista e epistemologias diversas: políticas afirmativas no Brasil e Uruguai""","""Carla Beatriz Meinerz | Martín José Fernández Ramírez"""
artivo224,"""Desafios do currículo multicultural na educação superior para indígenas""","""David_ Moisés | Melo_ Maria Lúcia | Malheiro_ João Manoel Da Silva"""
artivo225,"""A proposta do Programa Mais Educação para introdução da capoeira na escola: reflexões sobre as possibilidades e limites do trabalho com a cultura afro-brasileira no espaço escolar""","""Maria Alice Rezende Gonçalves | Vinícius Oliveira Pereira"""
artivo226,"""Política de ação afirmativa na rede federal de educação profissional: reflexões sobre o acesso e a permanência dos estudantes negros dos cursos técnicos de nível médio (período de 2008 a 2013)""","""Anne Matos Ferreira | Wilma Baía Coelho"""
artivo227,"""Juventude e acesso ao ensino superior no Brasil: Onde está o alvo das políticas de ação afirmativa""",""" """
artivo228,"""Educação permanente em saúde e as Diretrizes Curriculares Nacionais para Educação das relações étnico-raciais e para ensino de História e Cultura Afro-Brasileira e Africana""","""Monteiro_ Rosana Batista"""
artivo229,"""O PRINCIPIO DA IGUALDADE DE GENERO E OS DIREITOS FUNDAMENTAIS E AS GARANTIAS DA PARTICIPACAO DA MULHER NA ORGANIZACAO DA UNIAO NO BRASIL""","""Thome_ Candy Florencio | Schwarz_ Rodrigo Garcia"""
artivo230,"""""Inclusao com merito"" e as facetas do racismo institucional nas universidades estaduais de Sao Paulo/""Merit-based inclusion"" and the facets of institutional racism at public universities in the state of Sao Paulo""","""de Araujo_ Danielle Pereira"""
artivo231,"""Racial Affirmative Policy and Affectivity in Intergroup Interaction""","""Maria Da Penha Nery | Maria Inês Gandolfo Conceição"""
artivo232,"""Cotistas e não-cotistas: rendimento de alunos da Universidade de Brasília""","""Velloso_ Jacques"""
artivo233,"""Equidad en la educación superior en México: la necesidad de un nuevo concepto y nuevas políticas""","""Silva Laya_ Marisol"""
artivo234,"""Acesso de negros às universidades públicas""","""Guimarães_ Antonio Sérgio Alfredo"""
artivo235,"""Acesso de negros às universidades públicas.""","""Guimaraes_ Antonio Sergio Alfredo"""
artivo236,"""Ações Afirmativas e Estereótipos Sociais: Desconstruindo o Mito da Inferioridade Cotista""","""Souza_ E-M-D-"""
artivo237,"""Equidade e iniquidade no ensino superior: uma reflexão""","""Felicetti_ Vera Lucia | Morosini_ Marília Costa"""
artivo238,"""Acesso, expansão e eqüidade na educação superior: novos desafios para a política educacional brasileira""","""Neves_ Clarissa Eckert Baeta | Raizer_ Leandro | Fachinetto_ Rochele Fellini"""
artivo239,"""A diáspora africana na resistência: o Coletivo CIATA em ação no ensino de química""","""Marysson Jonas Rodrigues Camargo | Anna Maria Canavarro Benite"""
artivo240,"""A sexualidade, a saúde reprodutiva e a violência contra a mulher negra: aspectos de interesse para assistência de enfermagem""","""Cruz_ Isabel Cristina Fonseca Da"""
artivo241,"""Conflitos, verdades e política no Museu da Escravidão e da Liberdade no Rio de Janeiro""","""Vassallo_ Simone Pondé | Rodríguez cáceres_ Luz Stella"""
artivo242,"""Um raio em céu azul: reflexões sobre a política de cotas e a identidade nacional brasileira""","""Pereira_ Amauri Mendes"""
artivo243,"""Eleggua y respeto por los afrocolombianos: una experiencia con docentes de Bogota en torno a la Catedra de Estudios Afrocolombianos.(dossier)""","""Arocha_ Jaime | Guevara_ Natalia | Londono_ Sonia | Del Mar Moreno_ Lina | Rincon_ Liliana"""
artivo244,"""A obra de Carlos Hasenbalg e sua importancia para os estudos das relacoes das desigualdades raciais no Brasil""","""Figueiredo_ Angela"""
artivo245,"""COTAS NO SERVIÇO PÚBLICO FEDERAL: LEI 12.990/2014 E O SISTEMA AUTODECLARATÓRIO: LACUNAS LEGISLATIVAS E ANTINOMIAS EM RELAÇÃO AO SISTEMA JURÍDICO BRASILEIRO""","""Oliveira_ E | Targino_ M"""
artivo246,"""Politicas e praticas contemporaneas sobre relacoes raciais e a pos-graduacao""","""Da Silva_ Marcos Antonio Batista"""
artivo247,"""Entrevista com Carlos Hasenbalg""","""Antonio Sérgio Alfredo Guimarães"""
artivo248,"""Nerds and Barbarians: Race and Class Encounters through Affirmative Action in a Brazilian University""","""Cicalo_ André"""
artivo249,"""Igualdade de genero no exercicio do poder.(texto en portugues)(Ensayo)""","""Costa Sabino_ Maria Jordana | Sales Lima_ Patricia Veronica Pinheiro"""
artivo250,"""A nata e as cotas raciais: genealogia de um argumento público""","""Feres_ João | Daflon_ Verônica"""
artivo251,"""Medicina e feminização em universidades brasileiras: o gênero nas interseções""","""Luzinete Simões Minella"""
artivo252,"""Policia tem genero? Algumas reflexoes sobre mulheres e feminino na seguranca publica Brasileira.(articulo en portugues)""","""Dias_ Luciana de Oliveira | Rosa_ Fabricio Silva"""
artivo253,"""DEMOCRACIA RACIAL BRASILEIRA: UMA PIADA SEM GRAÇA""","""Ferreira_ Fernando"""
artivo254,"""AVALIAÇÃO DE IMPACTO DO BÔNUS SOCIORRACIAL DA UFMG NO DESEMPENHO ACADÊMICO DOS ESTUDANTES""","""Golgher_ André | Amaral_ Ernesto | Neves_ Alan"""
artivo255,"""As praticas de recursos humanos para a gestao da diversidade: a inclusao de deficientes intelectuais em uma Federacao Publica do Brasil/Practicas de recursos humanos para la gestion de la diversidad: la inclusion de discapacitados intelectuales en una Federacion Publica de Brasil.(texto en portugues)(Ensayo)""","""Maccali_ Nicole | Kuabara_ Paula Suemi Souza | Takahashi_ Adriana Roseli Wunsch | Roglio_ Karina De Dea | Boehs_ Samantha De Toledo Martins"""
artivo256,"""PERMANÊNCIA NA UNIVERSIDADE:O QUE DIZEM OS ESTUDANTES INDÍGENAS DA UNIVERSIDADE ESTADUAL DO CENTRO-OESTE DO PARANÁ""","""Angnes_ J | Freitas_ M | Klozovski_ M | Mattos_ S | Costa_ Z"""
artivo257,"""Cotas e mulheres nas eleições legislativas de 2014""","""Peixoto_ Vitor | Goulart_ Nelson | Da Silva_ Gabriel"""
artivo258,"""Raza y accion afirmativa: la implantacion de cuotas para estudiantes ""negros"" en una universidad Brasilena.""","""Cicalo_ Andre"""
artivo259,"""OS DESAFIOS PARA A INCLUSÃO DE PESSOAS COM DEFICIÊNCIA EM ORGANIZAÇÕES DA CONSTRUÇÃO CIVIL""","""Silva_ P | Neto_ M | Brito_ L | Barreto_ L | Gurgel_ F"""
artivo260,"""Participacao politica de mulheres na America Latina: o impacto de cotas e de lista fechada.(texto en portugues)(Ensayo)""","""Spohr_ Alexandre Piffero | Maglia_ Cristiana | Machado_ Gabriel | de Oliveira_ Joana Oliveira"""
artivo261,"""Jardim DF, Lopez LC, organizadores. Politicas da Diversidade-(In)Visibilidades, pluralidade e cidadania em uma perspectiva antropologica.(Jardim, DF)(Lopez, LC)(Resena de libro)""","""de Barros_ Nelson Filice"""
artivo262,"""Partidos políticos e gênero""","""Araújo_ Clara"""
artivo263,"""Um estudo sobre o pensamento social de jovens universitarios acerca da justica e das cotas raciais""","""Marques_ Thamiris | Santos_ Bruna Kappel Almeida Dos"""
artivo264,"""SANTOS, G. G. dos; SAMPAIO, S. M. R; CARVALHO, A. Observatório da vida estudantil: avaliação e qualidade no ensino superior: formar como e para que mundo? Salvador: Edufba, 2015. 342 p.""","""Franciele Daiane Rodrigues Resende May/Aug 2016"""
artivo265,"""Apresentacao.(Dossie 120 anos da Abolicao)""","""Ribeiro_ Matilde | Piovesan_ Flavia"""
artivo266,"""Trajetórias escolares de jovens assentados: estudo em Arinos/MG""","""Batista_ Elza | Mazon_ Marcia"""
artivo267,"""A IMPLEMENTACAO DA EDUCACAO A DISTANCIA NO SISTEMA PENITENCIARIO: EFETIVACAO DOS DIREITOS FUNDAMENTAIS E RECONHECIMENTO DA DIGNIDADE HUMANA DO APENADO""","""Da Motta_ Ivan Dias | Sela_ Thiene Nogueira"""
artivo268,"""Relacoes de genero e interetnicas no Brasil da jornalista que mais publicou no ""Freidenker"", jornal Americano das livres pensadoras alemas no seculo 19""","""Schlindwein_ Izabela Liz | Grossi_ Miriam Pillar"""
artivo269,"""Movimentos sociais e participaçao institucional: \introduzindo o debate""","""Scherer-Warren_ Ilse | Lüchmann_ Lígia"""
artivo270,"""Feminist Studies and Social Movements: Challenges of an Academic Activism in a Journal Format""","""Cristina Scheibe Wolff"""
artivo271,"""Reconhecer as diferenças para superar os (pre)conceitos de gênero e sexualidade na educação""","""Luana Borges Lemes 2018"""
artivo272,"""Mestiçagem, igualdade e afirmação da diferença –pensando a política de cotas na universidade""","""Azeredo_ Sandra"""
artivo273,"""O conceito de racismo institucional: aplicacoes no campo da saude/El concepto de racismo institucional: aplicaciones en el campo de la salud.(texto en portugues)""","""Lopez_ Laura Cecilia"""
artivo274,"""RACISMO: UMA QUESTAO DE SAUDE PUBLICA E DE GESTAO NA PERSPECTIVA DE GENERO.(Bibliografia)""","""Ferreira_ Claudia Aparecida Avelar"""
artivo275,"""LEI DE COTAS: UMA AVALIAÇÃO DAS INSCRIÇÕES NO INSTITUTO FEDERAL DE MINAS GERAIS UTILIZANDO KDD""","""Dias_ Márcio | Bax_ Marcello"""
artivo276,"""Normas e redistribuicao: um estudo sobre condicionantes internacionais das politicas de combate ao racismo no Brasil.(Report)""","""Godinho_ Rodrigo De Oliveira"""
artivo277,"""DIREITOS FUNDAMENTAIS COMO ESTRATEGIAS ANTI-HEGEMONICAS: UM ESTUDO SOBRE A MULTIDIMENSIONALIDADE DE OPRESSOES""","""Moreira_ Adilson Jose"""
artivo278,"""Políticas sociais: conceitos, trajetórias e a experiência brasileira""","""Alves_ Hayda Jun 2019"""
artivo279,"""Remaking Racial Inclusion: Combining Race and Class in Brazil's New Affirmative Action""","""Peria_ Michelle | Bailey_ Stanley R"""
artivo280,"""Protagonismo da clinica de direitos humanos e meio ambiente da universidade federal de mato grosso e sua atuacao politica e multicultural.(texto en portugues)""","""Irigaray_ Carlos Teodoro Jose Hugueney"""
artivo281,"""O PROCESSO DE RECONHECIMENTO DOS DIREITOS DOS POVOS INDIGENAS NA AMERICA LATINA SOB A EGIDE DO SISTEMA INTERAMERICAMO DE PROTECAO DOS DIREITOS HUMANOS""","""Dos Santos_ Denise Tatiane Girardon"""
artivo282,"""Higher Education in Brazil in the last years: reduction in inequalities of access?""","""Salata_ André"""
artivo283,"""Violência e racismo: novas faces de uma afinidade reiterada""","""Sinhoretto_ Jacqueline | Morais_ Danilo"""
artivo284,"""Crédito educativo, acciones afirmativas y equidad social en la educación superior en Colombia""","""Campo_ Víctor | Giraldo_ Jorge"""
artivo285,"""UNIDAD EN TENSION: RESISTENCIAS AL RECONOCIMIENTO DE LAS DIVERSIDADES ETNICO-RACIALES NEGRAS EN BOGOTA.(Report)""","""Leon Diaz_ Ruby Esther"""
artivo286,"""IMAGEM E REPRESENTACAO SOCIAL DA AFRICA NO BRASIL: A GEOPOLITICA AFRICANA DO GOVERNO LULA""","""Penha_ Eli Alves"""
artivo287,"""A TRADUCAO DE MULHERES NEGRAS NO CONJUNTO DE SUAS ACUES POLITICAS""","""de Melo_ Israel V-"""
artivo288,"""Da Guiné-Bissau à Colômbia. Benkos Biohó, resistência e (é) palenque. Um caso da diáspora africana""","""Valencia_ Henry"""
artivo289,"""Capitulos de uma Historia: a decisao do STF sobre uniao homoafetiva a luz do direito como integridade""","""Maues_ Antonio Moreira"""
artivo290,"""NOVAS FORMAS DE COMBATER A DISCRIMINACAO: CONVENCOES INTERAMERICANAS CONTRA O RACISMO, TODAS AS FORMAS DE DISCRIMINACAO E INTOLERANCIA""","""Perrone_ Christian"""
artivo291,"""ADESÃO DA UERN AO ENEM E A DEMOCRATIZAÇÃO DO ACESSO AO ENSINO SUPERIOR""","""Santos_ J | Silva_ M | Melo_ S"""
artivo292,"""Que feminismo é esse que nasce na horta?""","""Paulilo_ Maria"""
artivo293,"""Women out of Place? A Micro-historical Perspective on the Black Feminist Movement in Salvador da Bahia Brazil 1""","""Mccallum_ Cecilia"""
artivo294,"""Polícia Militar é lugar de mulher?""","""Ribeiro_ Ludmila"""
artivo295,"""A gênese da juventude mal escolarizada""","""Rosistolato_ Rodrigo 2010"""
artivo296,"""ENTRE A “AUTOELIMINAÇÃO” E O ENFRENTAMENTO INCERTO: disposições e dissonâncias frente ao ensino superior público""","""Eduardo Vilar Bonaldi"""
artivo297,"""Legislação, educação e política: percepções sociais sobre a Lei de Diretrizes e Bases e o Plano Nacional de Educação (2011-2020)""",""" """
artivo298,"""População-sacer e democracia racial no Brasil""","""Mozart Linhares Dasilva"""
artivo299,"""Mobilidade social, valores morais e segregação espacial""","""Medeiros_ Marcelo 2010"""
artivo300,"""Desumanizacao da populacao negra: genocidio como principio tacito do capitalismo.(Lutas, Cidadania e Direitos Humanos)""","""Almeida_ Magali Da Silva"""
artivo301,"""The laughter as a mediator of the expression and consolidation of racism in Brazil""","""Sandra Leal de Melo Dahia"""
artivo302,""" Pela igualdade""","""Maggie_ Yvonne"""
artivo303,"""Perspectivas e contribuicoes das organizacoes de mulheres negras e feministas negras contra o racismo e o sexismo na sociedade brasileira""","""Figueiredo_ Angela"""
artivo304,"""Mulheres negras: uma trajetoria de criatividade, determinacao e organizacao.(Report)""","""Ribeiro_ Matilde"""
artivo305,"""Medicina e feminizacao em universidades brasileiras: o genero nas intersecoes.(Ensayo)""","""Minella_ Luzinete Simoes"""
artivo306,"""Percepcao de estudantes da area da saude sobre Comunidades Rurais Quilombolas no Norte de Minas Gerais-Brasil""","""Freitas_ Daniel Antunes | Rabelo_ Gessica Lafeta | Silveira_ Jessica Camila Santos | Souza_ Lucas Ramos | Lima_ Mateus Costa | Pereira_ Mayane Moura | Moura_ Paulo Henrique Tolentino | Oliveira_ Stephany Ketllin Mendes | Siqueira_ Walter Dos Reis_ Jr- | Marques_ Amaro Sergio | Leao_ Claudia Danyella Alves | Macedo_ Clayton Paraiso | Caldeira_ Antonio Prates"""
artivo307,"""O dilema multicultural e o desafio da antropologia""","""Albuquerque_ José 2017"""
artivo308,"""Decolonialidade e perspectiva negra""","""Bernardino-Costa_ Joaze | Grosfoguel_ Ramón"""
artivo309,"""O TRAFICO HUMANO DE BRASILEIROS E O CENARIO PROTETIVO DOS DIREITOS HUMANOS--QUAL O PAPEL DO ESTADO?""","""Rostelato_ Telma Aparecida"""
artivo310,"""Desenho de figura humana: negritude e cultura.(Original articles/Artigos originais)""","""Senna_ Nadia"""
artivo311,"""Reconhecimento ou Redistribuição: O que o debate entre Honneth e Fraser diz das lutas sociais e vice-versa""","""Neves_ Paulo"""
artivo312,"""(re)significando o discurso dos direitos humanos: um dialogo a partir da educacao em e para os direitos humanos""","""Duro_ Renato | Netto_ Amanda"""
artivo313,"""Reflexao bioetica sobre o acesso a saude suplementar no Brasil(articulo en portugues)""","""Azevedo_ Bruno Del Sarto | Biondo_ Chrisne Santana | Sena_ Edite Lago Da Silva | Boery_ Rita Narriman Silva de Oliveira | Yarid_ Sergio Donha"""
artivo314,"""RECONHECIMENTO E REDISTRIBUICAO--DUAS FACES DA MESMA MOEDA?""","""Goldberg_ Ilan"""
artivo315,"""ONGs: PRATICA CIDADA OU OMISSAO DE UM ESTADO REGULADOR? ONGs: PRACTICA CIUDADANA O OMISION DE UN ESTADO REGULADOR?""","""de Almeida_ Cintia Borges | de Lima_ Giselle Rafael"""
artivo316,"""Combate al racismo y la discriminación racial en Brasil: legislación y acción institucional""","""Igreja_ Rebecca"""
artivo317,"""Feminismos e antirracismo: entraves e intersecções. Entrevista com Luiza Bairros, ministra da Secretaria de Políticas de Promoção da Igualdade Racial (Seppir)""","""Alvarez_ Sonia"""
artivo318,"""Representacoes sociais de estudantes da UFBA sobre as cotas universitarias""","""Melo_ Carlos Vinicius Gomes | Dantas_ Gilcimar Santos | Fernandez_ Zelia Maria Brandao | Pereira_ Marcos Emanoel | Chaves_ Antonio Marcos"""
artivo319,"""A sensibilizacao sobre a diversidade etnico-racial na formacao inicial e/ou continuada de professores de linguas""","""Orlando_ Andreia Fernanda | Ferreira_ Aparecida de Jesus"""
artivo320,"""Multiculturalism in Brazil, Bolivia and Peru""","""Arocena_ Felipe"""
artivo321,"""RACISM IN THREE DIMENSIONS: A CRITICAL-REALIST APROACH""","""Campos_ Luiz"""
artivo322,"""Supreme rapporteur: decision making and changes in the supreme court composition during FHC and Lula governments""","""Oliveira_ Fabiana"""
artivo323,"""Diversidade Cultural e Reconhecimento no Quadro de Políticas de Comunicação e Cultura no Brasil: desafios e perspectivas para concretização da Convenção da Unesco de 2005""","""Leal_ Sayonara"""
artivo324,"""Estrutura Social e Crise Política no Brasil""","""Costa_ Sérgio"""
artivo325,"""Youngsters by color and income in the access to higher education: adding disadvantages, multiplying inequalities""","""Picanço_ Felícia"""
artivo326,"""Between the pig and the mensal?o: political mythologie and contemporary realitie""","""Grün_ Roberto"""
artivo327,"""Gender Relations and Subjectivities in the Building of Brazil’s Landless Movement""","""Cristiani Bereta Da Silva"""
artivo328,"""DISCUTINDO O CONCEITO DE LEGITIMIDADE NO CONTEXTO ATUAL.(texto en portugues)(Ensayo)""","""Ferreira_ Francisco Romao | Lima_ Marcelo Machado Costa"""
artivo329,"""Presidentialisms in comparative perspective: Argentina, Brazil, and Uruguay""","""Oliveira_ Luzia"""
artivo330,"""Liberalismo igualitário e ação afirmativa""","""Feres Júnior_ João | Campos_ Luiz"""
artivo331,"""Discriminação de gênero em grandes empresas no Brasil""","""Proni_ Marcelo"""
artivo332,"""Mulheres negras: uma trajetória de criatividade, determinação e organização""","""Ribeiro_ Matilde"""
artivo333,"""Representacao politica, representacao de grupos e politica de cotas: perspectivas e contendas feministas""","""Sacchet_ Teresa"""
artivo334,"""The Conundrum of Equality""","""Scott_ Joan"""
artivo335,"""Quem quer ser Madame Sata? Raca e Homossexualidade no Discurso Medico Legal da Primeira Metade do Seculo XX""","""Piza_ Evandro | Guimaraes_ Johnatan Razen | Argolo_ Pedro"""
artivo336,"""Facing the discriminatory phenomenon in adult population""","""Badalotti_ Tatiana"""
artivo337,"""For Equality""","""Yvonne Maggie"""
artivo338,"""Sobre o uso da variável raça-cor em estudos quantitativos""","""Muniz_ Jerônimo"""
artivo339,"""Depois da democracia racial""","""Antonio Sérgio Alfredo Guimarães"""
artivo340,"""O ADICIONAL DE PENOSIDADE SOB A OPTICA DA TEORIA CONSTITUCIONAL CONTEMPORANEA: A EFETIVACAO DOS DIREITOS FUNDAMENTAIS.(2)""","""Lobo_ Barbara Natalia Lages"""
artivo341,"""Simbioses de um conflito. Desplazamiento e identidade negra na Colômbia""","""Rodrígues_ Vera"""
artivo342,"""Vulnerabilidade de mulheres negras na atenção ao pré-natal e ao parto no SUS: análise da pesquisa da Ouvidoria Ativa""","""Rattner_ Daphne | Pereira_ Everton"""
artivo343,"""Movimento negro, ação política e as transformações sociais no Brasil contemporâneo""","""Dos Passos_ Joana | Nogueira_ João"""
artivo344,"""As regras por detras do jogo: a operacao historiografica de Michel de Certeau na obra de Wlamyra R. Albuquerque""","""Bittencourt_ Romulo Goncalves"""
artivo345,"""INCLUSAO DA PESSOA COM DEFICIENCIA NO MERCADO DE TRABALHO: COTAS NAS EMPRESAS E PROTECAO CONTRA A DISPENSA NA SOCIEDADE DA INFORMACAO""","""Leite_ Flavia Piva Almeida | Garcia_ Gustavo Filipe Barbosa"""
artivo346,"""O PRE-VESTIBULAR PARA NEGROS E CARENTES (PVNC) E A CONSTRUCAO DA IDENTIDADE ETNICA.(texto en portugues)""","""de Brito_ Vanessa Silveira"""
artivo347,"""DISCURSOS DESUMANIZANTES E VIOLACAO SELETIVA DE DIREITOS HUMANOS SOB A LOGICA DA COLONIALIDADE""","""Bragato_ Fernanda Frizzo"""
artivo348,"""Desafios a representacao politica de mulheres na Camara dos Deputados.(Resena de libro)""","""Rezende_ Daniela Leandro"""
artivo349,"""ELEMENTOS PARA UMA ANÁLISE DOS ESTUDANTES COTISTAS E BOLSISTAS NO CURSO DE PEDAGOGIA DA UFR / ELEMENTS FOR AN ANALYSIS OF QUOTA STUDENTS AND SCHOLARS IN THE COURSE OF UFRJ EDUCATION / ÉLEMENTS POUR UNE ANALYSE DES ETUDIANTS ADMIS PAR QUOTAS AU COURS DE PÉDAGOGIEÀ L’UFRJ""","""Heringer_ Rosana"""
artivo350,"""The Metamorphosis of Black Movement Activists into Black Organic Intellectuals""","""Dos Santos_ Sales Augusto"""
artivo351,"""Saude e comunidades quilombolas: uma revisao da literatura.(Texto en Portuguese)""","""Antunes Freitas_ Daniel | Diaz Caballero_ Antonio | Sergio Marques_ Amaro | Vergara Hernandez_ Clara Ines | Nunes Oliveira Antunes_ Steffany Lara"""
artivo352,"""Prevalence of hemoglobin variants in quilombola communities in the state of Piauí, Brazil""","""Dasilva_ Jose"""
artivo353,"""Primeira Jornada de Diversidade Sexual Universidade Federal de Pelotas. Pelotas, 16 e 17 de novembro de 2011""","""Cerqueira_ Fabio Vergara | Nunes_ Anderson Cruz"""
artivo354,"""Atencao Primaria e saude materno-infantil: a percepcao de cuidadores em uma comunidade rural quilombola.(articulo en portugues)""","""Marques_ Amaro Sergio | Freitas_ Daniel Antunes | Leao_ Claudia Danyella Alves | Oliveira_ Stephany Ketllin Mendes | Pereira_ Mayane Moura | Caldeira_ Antonio Prates"""
artivo355,"""A saude entre o minoritario e o global: questoes identitarias entre mulheres quilombolas""","""Valentim_ Renata Patricia Forain de"""
artivo356,"""Licenciatura en educacion rural: las intenciones en la formacion de educadores de campo en Marajo.(Ensayo)""","""Miranda Costa_ Eliane"""
artivo357,"""Perfil da REF dos anos 1999-2012""","""Scavone_ Lucila"""
artivo358,"""Publishing in Feminist NGOs: between the University and the Activism""","""Sônia Malheiros Miguel"""
artivo359,"""As raízes da violência na sociedade patriarcal""","""Tânia Mara Campos de Almeida"""
artivo360,"""Privilegios de genero e acesso ao discurso academico no campo das ciencias criminais.(texto en portugues)(Ensayo)""","""Gindri_ Eduarda Toscani | de Nardin Budo_ Marilia"""
artivo361,"""Pluralização societária e os desafios à administração pública na América Latina""","""Albernaz_ Renata | Azevêdo_ Ariston"""
artivo362,"""Preconceito racial: modos, temas e tempos""","""Flavia Matheus Rios 2009"""
artivo363,"""Branquitude acritica y critica: a supremacia racial y el blanco antiracista.(Report)""","""Cardoso_ Lourenco"""
artivo364,"""Relacoes raciais e estudos organizacionais no Brasil.(articulo en portugues)""","""Rosa_ Alexandre Reis"""
artivo365,"""O ornamento da massa: ensaios""","""Luís Felipe Sobral 2009"""
artivo366,"""Desafios à representação política de mulheres na Câmara dos Deputados""","""Rezende_ Daniela"""
artivo367,"""When Race Matters: A Study of Black and White Women’s Differential in Access and Attrition Rates within Higher Education""","""João Bôsco Hora Góis"""
artivo368,"""ENSAIO DE LEITURA: INTERSECÇÕES E CORRELAÇÕES NO MUNDO DO TRABALHO E DO CUIDAR (BRASIL/FRANÇA)""","""Santos_ Luiz | Faria_ Lina"""
artivo369,"""Cidadania, identidade racial e construção nacional na África do Sul""","""Neville_ Alexander"""
artivo370,"""O papel da O.I.T. frente aos desafios do mercado""","""Meleu_ Marcelino | Massaro_ Alessandro Langlois"""
artivo371,"""""Sabe com quem esta falando?"": Notas sobre o principio da igualdade no Brasil contemporaneo""","""Barroso_ Luis Roberto | Osorio_ Aline"""
artivo372,"""Um nordeste em São Paulo: trabalhadores migrantes em São Miguel Paulista (19451966)""","""William Vella Nozaki 2009"""
artivo373,"""Mulheres em cargos de alta administracao afetam o valor e desempenho das empresas Brasileiras?(texto en portugues)(Ensayo)""","""Da Silva_ Andre Luiz Carvalhal | Margem_ Helena"""
artivo374,"""Mutacao constitucional e proibicao de discriminacao por motivo de sexo""","""Avila_ Ana Paula Oliveira | Rios_ Roger Raupp"""
artivo375,"""A terra como invenção: o espaço no pensamento social brasileiro""","""Vedoveli_ Paula 2009"""
artivo376,"""Bolsas para estudantes universitários: quadros conceituais, finalidades e processos decisórios para o Serviço Social""","""Ferreira_ Jorge"""
artivo377,"""""ENEGRECENDO O FEMINISMO"": A OPCAO DESCOLONIAL E A INTERSECCIONALIDADE TRACANDO OUTROS HORIZONTES TEORICOS""","""Bambirra_ Natercia V- | Lisboa_ Teresa Kleba"""
artivo378,"""Profile of students admitted to health service at university""","""Siqueira_ Luciola | Bastos_ Matheus | Nascimento_ Andréia | Puridade_ Mariana"""
artivo379,"""Afetividade, etnomatemática e cultura negra""","""Da Silva_ Vanisio"""
artivo380,"""PARA ALEM DA FORMACAO ACADEMICA: AS CONTRIBUICOES DA INICIACAO CIENTIFICA PARA O DESENVOLVIMENTO PESSOAL E PROFISSIONAL DE ESTUDANTES DA AREA DE ADMINISTRACAO""","""Pinto_ Natalia Lucia Da Silva | Fernandes_ Lauramaria Abdon | Silva_ Fabiana Ferreira"""
artivo381,"""Oportunidades y desafíos para la ciencia de la información: Indígenas y educación superior en América Latina /""","""Gordillo Sánchez_ Daniel"""
artivo382,"""Da legitimacao a (res)significacao: o itinerario terapeutico de trabalhadores com LER/DORT.(TEMAS LIVRES)(Texto en Portuguese)""","""Neves_ Robson Da Fonseca | Nunes_ Monica De Oliveira"""
artivo383,"""DIALOGOS ENTRE AFRODIASPORA E EDUCACAO: POR UM CURRICULO A FAVOR DAS CULTURAS NEGRAS.(texto en portugues)""","""Dos Santos_ Caroline Delfino"""
artivo384,"""CAPS UERJ como dispositivo-acontecimento: rupturas e (des)continuidades no processo de trabalho em saude mental""","""Coe_ Neilanza Micas"""
artivo385,"""O Imaginario de Adolescentes Sobre o Vestibular: Um Estudo Psicanalitico""","""Gallo-Belluzzo_ Sueli Regina | Ferreira-Teixeira_ Marcela Casacio | Aiello- Vaisberg_ Tania Maria Jose"""
artivo386,"""Desafios teoricos da pesquisa com sujeitos comunicantes: a contribuicao da nocao de cidadania comunicativa (texto en portugues)""","""Foletto_ Rafael"""
artivo387,"""From social movements to the political participation of network organizations""","""Scherer-Warren_ Ilse"""
artivo388,"""O IMAGINARIO DO ARQUIVO EM DIVERTIDA MENTE: O PAPEL DOS AGENTES DE MEMORIA NA CONSTRUCAO DO SER INFORMACIONAL""","""Rangel_ Thayron Rodrigues | Da Silva_ Andre Januario"""
artivo389,"""Musica y oralidad como formas de arqueologia literaria: memorias silenciadas de la esclavitud""","""Rocio Cobo_ M-"""
artivo390,"""A ISONOMIA, O STF E O ART. 387 DA CLT--UMA ANALISE CRITICA DO RE 658312""","""Lemos_ Rafael Diogo"""
artivo391,"""ENTRE IDENTIDADES E MICRORRESISTENCIAS: ONDE ESTAO AS LESBICAS?""","""Wermuth_ Maiquel Angelo Dezordi | Canciani_ Pamela"""
artivo392,"""Estudantes cegos na educacao superior: o que fazer com os possiveis obstaculos?""","""Selau_ Bento | Damiani_ Magda Floriana | Costas_ Fabiane Adela Tonetto"""
artivo393,"""O Direito de Saida no Contexto do Multiculturalismo""","""Lopes_ Ana Maria D'Avila"""
artivo394,"""A universidade ontem e amanha -- da copia academica a invencao intercultural.(NOTAS Y DEBATES DE ACTUALIDAD)""","""Barcelos_ Valdo | Trevisan_ Amarildo Luiz"""
artivo395,"""A ATUALIDADE DA LUTA DE CLASSES NA MODERNIDADE TARDIA""","""de Lima_ Elias Lopes"""
artivo396,"""O PERFIL HISTORICO-COGNITIVO DE ALUNOS SURDOS: ENTRE RELATOS EXPERIENCIAIS, EMOCIONAIS E DE APRENDIZAGEM NA FAMILIA E NA ESCOLA.(DOSSIER: SPECIAL AND INCLUSIVE EDUCATION)""","""Goncalves_ Arlete Marinho"""
artivo397,"""Literatura e estruturas de sentimento: fluxos entre Brasil e África""","""Eliane Veras Soares"""
artivo398,"""Elegguá y respeto por los afrocolombianos: una experiencia con docentes de Bogotá en torno a la Cátedra de Estudios Afrocolombianos""","""Arocha_ Jaime | Guevara_ Natalia | Londoño_ Sonia | Rincón_ Liliana"""
artivo399,"""RETENCAO DOS DISCENTES DE ADMINISTRACAO DA UFS: FATORES CONDICIONANTES E ACOES DA GESTAO ACADEMICA""","""De Oliveira_ Rodrigo Teles Dantas | Barbosa_ Jenny Dantas"""
artivo400,"""GESTÃO SOCIAL NA EDUCAÇÃO PARA PESSOAS COM DEFICIÊNCIA""","""Nunes_ V | Magalhães_ C"""
artivo401,"""A agenda global dos movimentos sociais""","""Sodre_ Francis"""
artivo402,"""TUTELA DIFERENCIADA DOS DIREITOS DAS MULHERES NAS RELACOES DOMESTICAS E FAMILIARES ATRAVES DA LEI MARIA DA PENHA""","""Cambi_ Eduardo | Denora_ Emmanuella"""
artivo403,"""Political Representation, Group Representation and Racial Quotas Policy: Feminist Views and Debates""","""Sacchet_ Teresa"""
artivo404,"""Trajetórias políticas e chances eleitorais""","""Araújo_ Clara | Borges_ Doriam"""
artivo405,"""Perspectivas sociais e dominação simbólica""","""Miguel_ Luis"""
artivo406,"""O DESAFIO DO BABACU (ORBIGNYA SPECIOSA MART. EX SPRENG) NO PIAUI""","""Silva_ Antonio Joaquim Da | Araujo_ Jose Luis Lopes | de Barros_ Roseli Farias Melo"""
artivo407,"""Preterito imperfeito da advocacia pela transformacao social""","""Cardoso_ Evorah"""
artivo408,"""POLÍTICAS PÚBLICAS E DESIGUALDADE DE GÊNERO NA SOCIEDADE BRASILEIRA: CONSIDERAÇÕES SOBRE OS CAMPOS DO TRABALHO, DA POLÍTICA E DA CIÊNCIA""","""Do Nascimento_ Janaína"""
artivo409,"""DA CRIACAO DAS DEAM'S A LEI MARIA DA PENHA: UMA REFLEXAO SOBRE A QUESTAO DA VIOLENCIA CONTRA AS MULHERES""","""Oliveira_ Rosane Cristina | de Cassia Pinheiro Lima_ Jacqueline | Arana_ Andressa Maria Freire Da Rocha"""
artivo410,"""Profile of demand and Continuous Cash Benefits (BCP) granted to children diagnosed with microcephaly in Brazil""","""Pereira_ Everton | Pacheco Santos_ Leonor"""
artivo411,"""Interethnic variability and admixture in Latin America--social implications""","""Salzano_ Francisco M-"""
artivo412,"""Homoaffectivity and Human Rights""","""Mott_ Luiz"""
artivo413,"""The Contribution of Revista Estudos Feministas to Gender and Feminist Debates""","""Luzinete Simões Minella"""
artivo414,"""OS CIRCUITOS DE TRABALHO INDÍGENA: POSSIBILIDADES E DESAFIOS PARA ACADÊMICOS E PROFISSIONAIS KAINGANG NA GESTÃO DAS POLÍTICAS PÚBLICAS""","""Do Amaral_ Wagner | Rodrigues_ Michelle | Bilar_ Jenifer"""
artivo415,"""NO UNDERSKIRTS IN AFRICA: EDISON CARNEIRO AND THE ""LINEAGES"" OF AFRO-BRAZILIAN RELIGIOUS ANTHROPOLOGY 1""","""Maggie_ Yvonne"""
artivo416,"""Existencia e Diferenca: O Racismo Contra os Povos Indigenas/Existence and difference: racism against indigenous peoples""","""Milanez_ Felipe | Sa_ Lucia | Krenak_ Ailton | Cruz_ Felipe Sotto Maior | Ramos_ Elisa Urbano | de Jesus_ Genilson Dos Santos ""Taquary Pataxo"""""
artivo417,"""Beyond the Quilombo? The State of Zumbi's ""Palmares"" According to the Poets.(Critical essay)""","""Duke_ Dawn"""
artivo418,"""Mulheres brasileiras e militancia politica durante a ditadura militar: a complexa dinamica dos processos identitarios""","""Gianordoli - Nascimento_ Ingrid Faria | Araujo Trindade_ Zeidi | De Fatima De Souza Santos_ Maria"""
artivo419,"""Estudos preliminares sobre acao afirmativa em uma universidade federal""","""De Sao Paulo_ Eduardo"""
artivo420,"""UM RECENTE MOVIMENTO POLÍTICORELIGIOSO: FEMINISMO ISLÂMICO""","""Lima_ Cila"""
artivo421,"""O MULTICULTURALISMO COMO FILOSOFIA POLITICA: CAMINHOS PARA UMA JUSTICA SOCIAL ""","""Da Silveira_ Adinan Rodrigues | Nepomuceno_ Augusto Moutella"""
artivo422,"""Os desafios de um projeto de prevenção à violência e à criminalidade: o Mulheres da Paz em Santa Luzia/MG""","""Dos Santos_ Simone | Silveira_ Andréa"""
artivo423,"""OS DIREITOS COLETIVOS NA CORTE INTERAMERICANA DE DIREITOS HUMANOS: O CASO DA COMUNIDADE INDIGENA YAKYE AXA V. PARAGUAI""","""Batista_ Michelle"""
artivo424,"""""Nem tudo e sobre raca"": evadindo o debate sobre racismo no marco juridico-politico latino-americano""","""Coelho_ Luana Xavier Pinto"""
artivo425,"""O LUGAR DA ORALIDADE NO ESPACO DA ESCRITA: DESAFIOS PARA EDUCACAO ESCOLAR INDIGENA GUARANI MBYA--RJ""","""Fernandes_ Gabriela Nunes | de Souza_ Kelly Cristina Russo"""
artivo426,"""A CAUSA E AS POLÍTICAS DE DIREITOS HUMANOS NO BRASIL ""","""Engelmann_ Fabiano"""
artivo427,"""Avaliação da organização estrutural das vigilâncias sanitárias municipais de uma Região de Saúde de Pernambuco""","""Ewerton Handerson Figueiredo de Medeiros"""
artivo428,"""Fatores Legitimadores da Discriminacao: Uma Revisao Teorica.(Originais/Artigos)(Ensayo)""","""Roberto Pereira_ Cicero | Cunha de Souza_ Luana Elayne"""
artivo429,"""De ""luta do barro"", ""isso do barro"", ""nesse servico"" a ceramica de apiai""","""Waldeck_ Guacira"""
artivo430,"""Direitos humanos, transexualidade e ""direito dos banheiros""""","""Rios_ Roger Raupp | Resadori_ Alice Hertzog"""
artivo431,"""Humanidades na UFABC: producao do conhecimento interdisciplinar na pos-graduacao""","""Penteado_ Claudio Luis de Camargo | Da Silva_ Sidney Jard | Da Fonseca_ Karen Christina Dias"""
artivo432,"""O Supremo Tribunal Federal em uma perspectiva de genero: merito, acesso, representatividade e discurso.(texto en portugues)(Ensayo)""","""Gomes_ Juliana Cesario Alvim"""
artivo433,"""POLÍTICAS PÚBLICAS PARA COMUNIDADES QUILOMBOLAS: uma luta em construção""","""André Ricardo Fonseca Da Silva"""
artivo434,"""Perspectivas Teoricas do Reconhecimento de Identidades Sexuais Frente aos Direitos Humanos e ao Direito Fraterno""","""Gimenez_ Charlise Paula Colet | Martins_ Paulo Adroir Magalhaes | Angelin_ Rosangela"""
artivo435,"""THE COLOR OF CHILD MORTALITY IN BRAZIL, 1950-2000: Social Progress and Persistent Racial Inequality""","""Wood_ Charles | de Carvalho_ José | Horta_ Cláudia"""
artivo436,"""Feminisms from the Perspective of Afro-Brazilian Women""","""Cardoso_ Cláudia"""
artivo437,"""Modelo analitico de processo estrategico: aplicacao no episodio de criacao da escola de artes, comunicacao e humanidades (EACH) da USP/Modelo analitico de proceso estrategico: aplicacion en el episodio de creacion ...(Artigo--Administracao Geral)""","""Palacios_ Fernando Antonio Colares"""
artivo438,"""Feminine and Masculine Professions do Exist: Gendered Obstacles to Professional Insertion""","""Paula Viviane Chies"""
artivo439,"""Programa Nacional de assistencia estudantil: do protagonismo da une aos avancos da luta por direitos, promovidos pelo FONAPRACE (PNAES: da UNE a FONAPRACE) ""","""de Jesus_ Luciano Nascimento | Mayer_ Andre Luiz Monteiro | de Camargo_ Pedro Luiz Teixeira"""
artivo440,"""O Direito Constitucional Comparado entre Renascimento e Consolidacao""","""Dutra_ Deo Campos | Vieira_ Jose Ribas"""
artivo441,"""A INCLUSAO DA PESSOA COM DEFICIENCIA E O MULTICULTURALISMO: PELA CONSTRUCAO DE UM PAIS MAIS SOLIDARIO""","""Alonso_ Ricardo Pinha | Dantas_ Lucas Emanuel Ricci"""
artivo442,"""Velhos Territórios e Novas Tecnologias em Conflito: Alcântara, janela e espelho para o espaço""","""Ribeiro Moreira_ Pedro | Guimarães_ Antonio Carlos Machado | Braga_ Yara Maria Rosendo de Oliveira"""
artivo443,"""Discriminacao judicial por identidade de genero: um diagnostico""","""Cortes_ Ana de Mello"""
artivo444,"""O SILENCIO DOS JURISTAS: A IMUNIDADE TRIBUTARIA SOBRE TEMPLO DE QUALQUER CULTO E AS RELIGIOES DE MATRIZ AFRICANA A LUZ DA CONSTITUICAO DE 1988""","""Nascimento_ Guilherme Martins | Duarte_ Evandro Piza | Queiroz_ Marcos Vinicius Lustosa"""
artivo445,"""The universalization of rights and the promotion of equity: the case of the health of the black population""","""Faustino_ Deivison Mendes"""
artivo446,"""Medos urbanos e mídia: o imaginário sobre juventude e violência no Brasil atual""","""Mauro Guilherme Pinheiro Koury"""
artivo447,"""Litigio estrategico para igualdade de genero: O caso das verbas de campanha para mulheres candidatas""","""Campos_ Ligia Fabris"""
artivo448,"""Dos movimentos sociais às manifestações de rua: o ativismo brasileiro no século XXI""","""Scherer-Warren_ Ilse"""
artivo449,"""Critica a formacao profissional em Servico Social no ensino a distancia""","""Da Silva_ Antonio Israel Carlos"""
artivo450,"""Raca e genero na educacao basica: pesquisando 'com' criancas""","""Guizzo_ Bianca Salazar | Zubaran_ Maria Angelica | Beck_ Dinah Quesada"""
artivo451,"""A condicao paradoxal da administracao de recursos humanos: entre a racionalidade instrumental e a racionalidade substantiva""","""Muzzio_ Henrique"""
artivo452,"""A vida mera das obscuras"": sobre a vitimizacao e a criminalizacao da mulher""","""Cassol_ Paula Durks | Da Silva_ Maria Beatriz Oliveira | Dinarte_ Priscila Valduga"""
artivo453,"""Brasil do ano 2000 revisitado: desafios em inovacao tecnologica e o papel da universidade ""","""de Souza_ Pedro Bastos"""
artivo454,"""Teorias Constitucionais Progressistas, Backlash e Vaquejada""","""Chueiri_ Vera Karam de | Macedo_ Jose Arthur Castillo de"""
artivo455,"""Mulheres Rurais, Movimento Social e Participação: reflexões a partir da Marcha das Margaridas""","""Aguiar_ Vilenia"""
artivo456,"""ATORES EM DISPUTAS URBANAS: os espaços contenciosos do urbanismo neoliberal""","""Gledhill_ John | Hita_ Maria"""
artivo457,"""Performing Seduction and National Identity: Brazilian Erotic Dancers in New York""","""Maia_ Suzana"""
artivo458,"""Is “associativism” good for one's health? The case of rare diseases""","""Portugal_ Silvia"""
artivo459,"""Gênero e humor nas redes sociais: a campanha contra Dilma Rousseff no Brasil""","""Carniel_ Fagner | Ruggi_ Lennita | Ruggi_ Júlia"""
artivo460,"""Análise dos programas eleitorais dos candidatos a presidente em 2014: o posicionamento ideológico do PT e do PSDB""","""Jorge_ Vladimyr | Silva_ Mayra | Ferreira_ Ana"""
artivo461,"""Construcao de identidades femininas: as narrativas sobre a Selecao Brasileira Feminina de Futebol no ""Globo Esporte"" e ""Esporte Espetacular""""","""Nascimento_ Isadora | Said_ Gustavo"""
artivo462,"""Critica aos estereotipos e ideias racistas no Brasil sob o prisma dos estudos Pos-coloniais""","""de Melo_ Miguel Angelo Silva | Bandeira_ Joao Adolfo Ribeiro"""
artivo463,"""Dos fundamentos extraeconomicos do racismo no Brasil""","""Batista_ Waleska Miguel | Josue_ Mastrodi"""
artivo464,"""Desigualdades que importam""","""Baer_ Susanne"""
artivo465,"""O Sistema Interamericano de Direitos Humanos e a discriminacao contra pessoas LGBTTI: panorama, potencialidade e limites.(texto en portugues)(LGBTTI; lesbicas, gays, bissexuais, travestis, transexuais e pessoas intersex)(Ensayo)""","""Rios_ Roger Raupp | Resadori_ Alice Hertzog | Leivas_ Paulo Gilberto Cogo | Schafer_ Gilberto"""
artivo466,"""A CONSTITUCIONALIZACAO DO DIREITO DO TRABALHO NA TRILHA DO PRINCIPIO DA DIGNIDADE DA PESSOA HUMANA""","""Coimbra_ Rodrigo | Wittckind_ Ellara Valentini"""
artivo467,"""Water, rural population and administration techniques: the case of Jequitinhonha Valley, Minas Gerais""","""Ribeiro_ Eduardo | Galizoni_ Flávia"""
artivo468,"""Sustainable Development from a Gender Perspective – Brazil, Mexico, and Cuba: Women as Protagonists in Rural Areas""","""Lisboa_ Teresa | Lusa_ Mailiz"""
artivo469,"""VALOR SOCIAL DO TRABALHO NA CONSTITUICAO FEDERAL DE 1988: INSTRUMENTO DE PROMOCAO DE CIDADANIA E DE RESISTENCIA A PRECARIZACAO""","""de Araujo_ Jailton Macena"""
artivo470,"""A QUESTAO DA JUDICIALIZACAO DA SAUDE NA REALIDADE JURIDICA BRASILEIRA: UM REFLEXO DA OMISSAO DO ESTADO EM SEU DEVER DE GARANTIR ESTE DIREITO FUNDAMENTAL""","""Cappelletti_ Priscilla | Andrade_ Marilene"""
artivo471,"""""Race"" and poverty in metropolitan contexts""","""Lima_ Márcia"""
artivo472,"""Morte por aborto clandestino na imprensa: Jandira, Elizângela e Operação Herodes""","""Luna_ Naara"""
artivo473,"""La dificil articulacion entre politicas universales y programas focalizados: etnografia institucional del programa Bolsa Familia de Brasil""","""Hevia De La Jara_ Felipe"""
artivo474,"""O direito a saude dos povos indigenas e o paradigma do reconhecimento""","""Sartori_ Dailor_ Jr- | Leivas_ Paulo Gilberto Cogo"""
artivo475,"""Capital social e políticas públicas na região metropolitana de Porto Alegre: comparando Novo Hamburgo e Estância Velha""","""Santos_ Everton | Baquero_ Marcello"""
artivo476,"""Politicas publicas de seguranca para a populacao LGBT no Brasil.(articulo en portugues)""","""Mello_ Luiz | de Avelar_ Rezende Bruno | Brito_ Walderes"""
artivo477,"""Workplace bullying in the university context: a necessary discussion""","""Nunes_ Thiago Soares | Toifo_ Suzana Da Rosa"""
artivo478,"""Sexismo, misoginia e LGBTQfobia: desafios para promover o trabalho inclusivo no Brasil ""","""Pedro Afonso Cortez"""
artivo479,"""TEORIA DA MODERNIDADE LIQUIDA--FLUIDEZ SOCIAL E OS NOVOS DESAFIOS NA INTERPRETACAO DAS LEIS PARA SOLUCAO DOS VARIOS NOVOS CONFLITOS NO DIREITO DE FAMILIA""","""Lemos_ Eloy Pereira_ Jr- | Da Silva_ Fatima Cristina"""
artivo480,"""ENTRE A BELEZA DO MORTO E A CULTURA VIVA: a(s) cultura(s) popular(es) na virada do milênio e seus mediadores simbólicos""","""Mira_ Maria"""
artivo481,"""Queixosas e valentes: as mulheres e a visibilidade da violência cotidiana""","""Schemes_ Claudia"""
artivo482,"""Atitude critica e o sujeito de direitos das politicas (nao) identitarias""","""De Araujo_ Dhyego Camara"""
artivo483,"""As cores das/os cortes: uma leitura do RE 494601 a partir do racismo religioso ""","""Hoshino_ Thiago de Azevedo Pinheiro | de Chueiri_ Vera Karam"""
artivo484,"""O PESO DO CORPO NEGRO FEMININO NO MERCADO DA SAÚDE: MULHERES, PROFISSIONAIS E FEMINISTAS EM SUAS PERSPECTIVAS""","""Carneiro_ Rosamaria"""
artivo485,"""Imposto sobre circulacao de mercadorias e servicos socioambiental: incentivos institucionais e legislacao ambiental no Brasil""","""de Moura_ Alexandrina Sobreira"""
artivo486,"""A direita que saiu do armário: a cosmovisão dos formadores de opinião dos manifestantes de direita brasileiros""","""Messenberg_ Débora"""
artivo487,"""Capital Social e Políticas Públicas no Brasil: comparando duas cidades na Região Metropolitana de Porto Alegre""","""Santos_ Everton | de Quevedo_ Daniela"""
artivo488,"""METRÓPOLE, TRADIÇÃO E MEDIAÇÃO CULTURAL: REFLEXÕES A PARTIR DA EXPERIÊNCIA DOS GRUPOS RECRIADORES DE MARACATU NA CIDADE DE SÃO PAULO""","""Mira_ Maria"""
artivo489,"""Technocrats' Compromises: Defining Race and the Struggle for Equality in Brazil, 1970-2010""","""Powell_ Brenna | Silva_ Graziella"""
artivo490,"""Relaciones sociedad-estado, participacion ciudadana y clientelismo politico en programas contra la pobreza. El caso de bolsa familia en Brasil""","""Hevia_ Felipe J-"""
artivo491,"""Diferenciais dos fatores de risco de Doencas Cronicas nao Transmissiveis na perspectiva de raca/cor.(articulo en portugues )""","""Malta_ Deborah Carvalho | de Moura_ Lenildo | Bernal_ Regina Tomie Ivata"""
artivo492,"""""A gente demorou mas conseguiu acertar"": a autoetnografia como metodologia critica de reflexao sobre assimetria e relacoes de poder em entrevistas de pesquisa""","""Pedrotti_ Allane de Souza | Giorgi_ Maria Cristina"""
artivo493,"""Disordering the Norm Cisgender and Its Derivatives""","""Cazeiro_ Felipe"""
artivo494,"""Older workers as a source of wisdom capital: broadening perspectives""","""Vasconcelos_ Anselmo Ferreira"""
artivo495,"""Integrando a extensao universitaria ao ensino e a pesquisa em Administracao: sistematizacao de experiencia junto a indigenas a luz dos Objetivos do Desenvolvimento Sustentavel""","""Calazans_ Dinara Leslye Macedo E Silva | de Souza_ Washington Jose | Pequeno_ Nila Patricia Freire | Resende de Araujo_ Fabio | de Lima_ Valdi_ Jr-"""
artivo496,"""DESLOCANDO SOBRE O ARCO-IRIS COM TONALIDADES CINZA E PRETO: ASSEXUALIDADES EM TRANSITO""","""D'Andrea_ Luigi Silvino | Romagnoli_ Roberta Carvalho"""
artivo497,"""Da Relacao Entre Pessoas Transgeneras e a Organizacao: novos sujeitos para os estudos sobre diversidade organizacional.(Human Resources and Organizations)(Report)""","""Baggio_ Maria Carolina"""
artivo498,"""Políticas extremadas: polarização partidária e questões sociais nos Estados Unidos (1936-2012)""","""Vidal_ Camila Feix Vidal_ Camila Feix"""
artivo499,"""EL SEXO Y LA NORMA: FRENTE ESTATAL, PATRIARCADO, DESPOSESIÓN, COLONIDAD""","""Segato_ Rita"""
artivo500,"""Políticas públicas de segurança para a população LGBT no Brasil""","""Mello_ Luiz | Brito_ Walderes"""
artivo501,"""Mulheres policiais, relacoes de poder e de genero na Policia Militar de Minas Gerais""","""Cappelle_ Monica Carvalho Alves | Melo_ Marlene Catarina De Oliveira Lopes"""
artivo502,"""A influencia da gestao da diversidade na produtividade em organizacoes do ramo da construcao civil""","""Da Silva_ Pablo Marlon Medeiros | Neto_ Manoel Pereira Da Rocha | Brito_ Lydia Maria Pinto | Barreto_ Lais Karla Da Silva | Gurgel_ Fernanda Fernandes"""
artivo503,"""Atraindo novos funcionarios para empresas de alta performance: uma critica as razoes dos profissionais de recursos humanos""","""de Souza_ Filipe Augusto Silveira | Lemos_ Ana Heloisa Da Costa | Cavazotte_ Flavia de Souza Costa Neves | Malva_ Teresa Rachel Jesus"""
artivo504,"""Colonialidade, subalternidade e narrativas de resistencia numa comunidade afro-equatoriana""","""Ferreira_ J- Flavio | Carlet_ Flavia"""
artivo505,"""A cobertura jornalística das greves gerais de 2017: paradigma de protesto ou militância política""","""Júnior_ João | Candido_ Marcia | de Melo_ Patricia | Vieira_ Lidiane"""
artivo506,"""A seleção de candidaturas no DEM, PMDB, PSDB e PT nas eleições legislativas federais brasileiras de 2010""","""Bolognesi_ Bruno"""
artivo507,"""Religion, politics and culture""","""Burity_ Joanildo"""
artivo508,"""A CULTURA JURIDICA BRASILEIRA: DA EXCECAO A ATUAL PROMESSA DE EMANCIPACAO.(Report)""","""Matos_ Andityas Soares de Moura Costa | Ramos_ Marcelo Maciel"""
artivo509,"""TRANSEXUAIS E O DIREITO A IDENTIDADE DE GENERO: A INTERLOCUCAO ENTRE OS PRINCIPIOS DA DIGNIDADE DA PESSOA HUMANA, DA IGUALDADE E DA LIBERDADE""","""Maia_ Aline Passos | Bezerra_ Lara Pinheiro"""
artivo510,"""Estrategias intersetoriais de gestao municipal de servicos de protecao social: a experiencia de Belo Horizonte/Estrategias intersectoriales de gestion local de servicios de proteccion social: la experiencia de Belo Horizonte""","""Da Veiga_ Laura | Bronzo_ Carla"""
artivo511,"""Republicanismo neo-romano e democracia contestatória""","""Silva_ Ricardo"""
artivo512,"""DOGMA FEIJOADA: A INVENÇÃO DO CINEMA NEGRO BRASILEIRO""","""Domingues_ Petrônio"""
artivo513,"""A DEFINIÇÃO PRIVADA DO BEM PÚBLICO: a atuação de institutos empresariais na esfera da cultura""","""Michetti_ Miqueli"""
artivo514,"""Jus sperniandi: proposta de criacao de uma graduacao em antropologia em Mato Grosso do Sul, Brasil.(articulo en portugues)""","""de Oliveira_ Jorge Eremites"""
artivo515,"""DEMOCRATIC DIMENSIONS IN THE JUNE JOURNEYS: REFLECTIONS ON THE COMPREHENSION OF DEMOCRACY AMONG 2013’S DEMONSTRATORS""","""Mendonça_ Ricardo"""
artivo516,"""Deeper than Skin: Browns&#8217 and Blacks&#8217 Perceptions of Discrimination in Brazil""","""Carvalhaes_ Flavio"""
artivo517,"""A LONGA TEMPORALIDADE DO ESTADO RACIALISTA E O IMPASSE DA REPÚBLICA DEMOCRÁTICA NO BRASIL""","""Guimarães_ Juarez | Drumond_ André"""
artivo518,"""DIVERSIDADE SEXUAL E O CONTEXTO GLOBAL: DESAFIOS A PLENA IMPLEMENTACAO DOS DIRETOS HUMANOS LGBTI""","""Piovesan_ Flavia | Silva_ Sandro Gorski"""
artivo519,"""DEMANDA E POLÍTICAS PÚBLICAS PARA O ENSINO SUPERIOR NOS BRICS1/ DEMAND AND PUBLIC POLICIES FOR HIGHER EDUCATION IN BRICS / DEMANDE ET POLITIQUES PUBLIQUES POUR L’ENSEIGNEMENT SUPÉRIEUR AUX BRICS""","""Schwartzman_ Simon"""
artivo520,"""Uma revolução conservadora dos intelectuais (Brasil/2002-2016)""","""Rodrigues_ Lidiane"""
artivo521,"""Brasil, estudos pós-coloniais e contracorrentes análogas: entrevista com Ella Shohat e Robert Stam""","""Santos_ Emanuelle | Schor_ Patricia"""
artivo522,"""UMA ANALISE DOS ARTIGOS SOBRE DIREITO E CINEMA NO ""GT-- DIREITO, ARTE E LITERATURA"" DO CONPEDI (2009-2015)""","""de Aquino_ Mauricio"""
artivo523,"""DISCRIMINAÇÃO DE COR E PRECONCEITO RACIAL. Talcott Parsons e Herbert Blumer a partir das relações raciais dos Estados Unidos""","""Jefferson Belarmino de Freitas"""
artivo524,"""DA DOR SOLITARIA E DAS LAGRIMAS QUE NAO SE MOSTRA: A CRIMINALIZACAO DO ABORTO COMO PUNICAO DA SEXUALIDADE DA MULHER""","""Denora_ Emmanuella Magro | Alves_ Fernando de Brito"""
artivo525,"""In Defense of Humanity: The Black Cultural Association""","""Domingues_ Petrônio"""
artivo526,"""Countermajoritarian, Representative, and Enlightened: The roles of constitutional tribunals in contemporary democracies/Contramajoritario, Representativo e Iluminista: Os papeis dos tribunais constitucionais nas democracias contemporaneas.(texto en portugues)(Ensayo)""","""Barroso_ Luis Roberto"""
artivo527,"""MOVIMENTO NEGRO NO BRASIL CONTEMPORÂNEO: ESTRATÉGIAS IDENTITÁRIAS E AÇÃO POLÍTICA""","""Rafael Petry Trapp | Mozart Linhares Da Silva"""
artivo528,"""Institucionalização e contestação: as lutas do Movimento Negro no Brasil (1970-1990)""","""Leitão_ Leonardo | Silva_ Marcelo"""
artivo529,"""O movimento negro no Brasil: ausências, emergências e a produçao dos saberes""","""Gomes_ Nilma"""
artivo530,"""Black movement, political action and social change in contemporary Brazil""","""Dos Passos_ Joana | Nogueira_ Joao Dos Passos_ Joana (correspondence author)"""
artivo531,"""O MOVIMENTO NEGRO BRASILEIRO E A LEI 10.639/03: DA CRIAÇÃO AOS DESAFIOS PARA A IMPLEMENTAÇÃO""","""Amilcar Pereira"""
artivo532,"""PEREIRA, Amílcar Araújo. O mundo negro. Relações Raciais e a constituição do movimento negro contemporâneo no Brasil""","""Maurício Pedro Da Silva"""
artivo533,"""CAMINHOS, PEGADAS E MEMÓRIAS: uma história social do movimento negro brasileiro""","""Iraneide Da Silva Soares"""
artivo534,"""O MOVIMENTO NEGRO E A LUTA PELAS POLÍTICAS DE PROMOÇÃO DA IGUALDADE RACIAL NO BRASIL""","""Rosenverck Estrela Santos"""
artivo535,"""STF: um espaço de luta do movimento negro / The Brazilian Supreme Court (STF): battleground for the black movement""","""Clio Nudel Radomysler"""
artivo536,"""A Política Externa Afirmativa do Brasil: movimento negro, Estado e Política Externa Africana em Geisel e Lula""","""Bruna Ribeiro Troitinho | Igor Castellano Da Silva"""
artivo537,"""Fontes de informação na web: Apropriação, uso e disseminação da informação étnico-racial no movimento negro da Paraíba""","""Da Silva_ L-K-R- | Aquino_ M-D-A-"""
artivo538,"""Outros personagens entraram em cena: o movimento negro e a emergência de uma ""política racializada""""","""Hildeberto Vieira Martins"""
artivo539,"""EXISTIR, RESISTIR, EXIGIR! ASPECTOS DA CONSTRUÇÃO HISTÓRICO- IDEOLÓGICA DO RACISMO BRASILEIRO E O LUGAR DO MOVIMENTO NEGRO NA LUTA A FAVOR DA SUA DESCONSTRUÇÃO""","""Bárbara Sepúlveda Barros | Luci Helena Martins"""
artivo540,"""Movimento Negro e a pauta quilombola no Constituinte: acao, estrategia e repertorio.(Report)""","""Rodrigues_ Bruno de Oliveira | Rezende_ Tayra Fonseca | Nunes_ Tiago de Garcia"""
artivo541,"""Cidadania, reconhecimento e ação afirmativa no ensino superior ""","""Paiva_ Angela Randolpho"""
artivo542,"""VOZES E POLÍTICAS DA DIÁSPORA NA AMÉRICA LATINA E CARIBE: a Red de Mujeres Afrolatinoamericanas, Afrocaribeñas y de la Diáspora como movimento transnacional afrodiaspórico""","""Marilise Luiza Martins Dos Reis"""
artivo543,"""Raça e uma nova forma de analisar o imaginário da nossa comunidade nação: da miscigenação freyreana ao dualismo fanoniano = Race and a new way of analyzing our national community’s imaginary: from Freyre’s miscegenation to Fanon’s dualism""","""Lewis_ Liana"""
artivo544,"""RACISMO E LUTA ANTIRRACISTA NO BRASIL: UMA ANÁLISE NECESSÁRIA PARA O AVANÇO DA ESTRATÉGIA ANTICAPITALISTA""","""Jacqueline Botelho"""
artivo545,"""MULHERES NEGRAS: memórias da trajetória de luta e resistência dos movimentos de mulheres negras do Maranhão a partir do “Grupo de Mulheres Negras Mãe Andresa”""","""Grace Kelly Silva Sobral Souza"""
artivo546,"""Mulheres negras: uma trajetória de criatividade, determinação e organização""","""Ribeiro_ Matilde"""
artivo547,"""Alteridade & identidade em para entender o negro no brasil de hoje, de Kabengele Munanga e Nilma Lino Gomes""","""Mariana Castro Teixeira"""
artivo548,"""As pesquisas sobre o ""estado do conhecimento"" em relações étnico-raciais""","""Müller_ Tânia Mara Pedroso"""
artivo549,"""Raça, Interseccionalidade e Violência: corpos e processos de subjetivação em mulheres negras e lésbicas""","""Fátima Lima"""
artivo550,"""Movimento da negritude: uma breve reconstrução histórica""","""Petrônio José Domingues"""
artivo551,"""O recinto sagrado: educação e antirracismo no Brasil The sacred room: education and the struggle against racism in Brazil""","""Petrônio José Domingues"""
artivo552,"""Diversidade cultural nas políticas públicas: uma análise das Leis 10.639/03 e 11.645/08""","""Marcos Antonio Batista Da Silva | Maria Sílvia Ribeiro"""
artivo553,"""Política de cotas raciais, os ""olhos da sociedade"" e os usos da antropologia: o caso do vestibular da Universidade de Brasília (UnB)""","""Marcos Chor Maio | Ricardo Ventura Santos"""
artivo554,"""Relacoes raciais e estudos organizacionais no Brasil.(articulo en portugues)""","""Rosa_ Alexandre Reis"""
artivo555,"""Raça, classe e açao afirmativa na trajetória política de militantes negros de esquerda""","""Soares_ Claudete"""
artivo556,"""Participation of actors in the formulation of health policies for the black population in the city of Salvador, Brazil""","""Marcos Vinícius Ribeiro de Araújo"""
artivo557,"""Estruturas Intocadas: Racismo e Ditadura no Rio de Janeiro""","""de Oliveira Pires_ Thula Rafaela"""
artivo558,"""Apresentacao.(Dossie 120 anos da Abolicao)""","""Ribeiro_ Matilde | Piovesan_ Flavia"""
artivo559,"""When rio was black: soul music, national culture, and the politics of racial comparison in 1970s brazil""","""Alberto_ Paulina L-"""
artivo560,"""RACISMO E INSULTO RACIAL NA SOCIEDADE BRASILEIRA: Dinâmicas de reconhecimento e invisibilização a partir do direito 1""","""Machado_ Marta | Lima_ Márcia | Neris_ Natália"""
artivo561,"""TEMPOS E CONTRATEMPOS DO (ANTIR)RACISMO NO BRASIL E EM PORTUGAL: uma introdução""","""Matos_ Cristina | Araújo_ Marta"""
artivo562,"""Affirmative action, communitarianism and multiculturalism: necessary or contingent relations?""","""Campos_ Luiz | Feres Júnior_ João"""
artivo563,"""A obra de Carlos Hasenbalg e sua importancia para os estudos das relac?es das desigualdades raciais no Brasil""","""Figueiredo_ Angela"""
artivo564,"""Like a boomerang: the Frente Negra Brasileira in the transatlantic circuit""","""Domingues_ Petrônio"""
artivo565,"""Abdias Nascimento: esclavage, post-abolition et emancipation""","""Saillant_ Francine"""
artivo566,"""Combate al racismo y la discriminación racial en Brasil: legislación y acción institucional""","""Igreja_ Rebecca"""
artivo567,"""Representacoes sociais de estudantes da UFBA sobre as cotas universitarias""","""Melo_ Carlos Vinicius Gomes | Dantas_ Gilcimar Santos | Fernandez_ Zelia Maria Brandao | Pereira_ Marcos Emanoel | Chaves_ Antonio Marcos"""
artivo568,"""REVOLUCAO DO FEMINISMO NEGRO!""","""Dorlin_ Elsa"""
artivo569,"""Acoes afirmativas: polemicas e possibilidades sobre igualdade racial e o papel do Estado.""","""Dos Santos_ Sales Augusto | Cavalleiro_ Eliane | Barbosa_ Maria Ines Da Silva | Ribeiro_ Matilde"""
artivo570,"""Depois da democracia racial""","""Antonio Sérgio Alfredo Guimarães"""
artivo571,"""DA TEORIA AO ATO: Refletindo sobre educação, reconhecimento e antirracismo""","""Flores_ Elio | Paz Tella_ Marco | Rocha_ Solange | Matos_ Cristina"""
artivo572,"""Comunidades quilombolas, territorialidade e legislação no Brasil: uma análise histórica""","""Amâncio Carvalho_ Roberta | Da Costa Lima_ Gustavo"""
artivo573,"""A genealogy of black organizing in Brazil/Uma genealogia de organzacoes negras no Brasil/Una genealogia de las organizaciones de negros en Brasil""","""Reiter_ Bernd"""
artivo574,"""DEMOCRACIA RACIAL BRASILEIRA: UMA PIADA SEM GRAÇA""","""Ferreira_ Fernando"""
artivo575,"""Ações afirmativas no Brasil e na África do Sul""","""Graziella Moraes Dias Da Silva"""
artivo576,"""Instituicao de ensino superior: analise das capacidades resilientes diante das politicas de acoes afirmativas""","""Albuquerque_ Rosa Almeida Freitas | Pedron_ Cristiane Drebes | Quoniam_ Luc"""
artivo577,"""EDUCAÇÃO ANTIRRACISTA E A LEI 10.639/03: UMA PROPOSTA DE IMPLEMENTAÇÃO A PARTIR DO NOVEMBRO NEGRO DO IFBA""","""Matos_ M S | Bispo_ A M C | Lima_ E A C"""
artivo578,"""Existencia e Diferenca: O Racismo Contra os Povos Indigenas/Existence and difference: racism against indigenous peoples""","""Milanez_ Felipe | Sa_ Lucia | Krenak_ Ailton | Cruz_ Felipe Sotto Maior | Ramos_ Elisa Urbano | de Jesus_ Genilson Dos Santos ""Taquary Pataxo"""""
artivo579,"""""Nem tudo e sobre raca"": evadindo o debate sobre racismo no marco juridico-politico latino-americano/""Not all is about race"": evading the debate on racism in the Latin-American legal-political debate""","""Coelho_ Luana Xavier Pinto"""
artivo580,"""Anjo negro: As fundações racistas do Estado no Brasil""","""Fernández_ Marta | Santiago_ Vinícius"""
artivo581,"""BARREIRAS A AMBICAO E A REPRESENTACAO POLITICA DA POPULACAO LGBT NO BRASIL""","""Pereira_ Cleyton Feitosa"""
artivo582,"""A questao etnico-racial no Brasil contemporaneo: notas sobre a contribuicao da teoria das representacoes sociais""","""Santos_ Elisabete Figueroa Dos | Scopinho_ Rosemeire Aparecida"""
artivo583,"""La construccion de patrimonio en los quilombos Brasilenos.(PARALLELOS)""","""Kenny_ Mary Lorena"""
artivo584,"""Quando a raça e o gênero estão em questão: embates discursivos em rede social""","""Roberto Carlos Da Silva Borges"""
artivo585,"""NARRATIVAS E TRAJETÓRIAS: abordagens metodológicas a partir da UNILA""","""Castro Benevides_ Mario | Lopes Pinheiro_ Carlos"""
artivo586,"""Social inequalities, interdependencies and Afro-descendants in Latin America""","""Costa_ Sergio"""
artivo587,"""Mestiçagem, igualdade e afirmação da diferença –pensando a política de cotas na universidade""","""Azeredo_ Sandra"""
artivo588,"""O ""MOISÉS DOS PRETOS"": MARCUS GARVEY NO BRASIL""","""Domingues_ Petrônio"""
artivo589,"""Kilombos of Brazil: Identity and Land Entitlement""","""Do Rosário Linhares_ Luiz Fernando"""
