,0
auth0000,De Mello E Souza_ A-
auth0001,Neto_ A- B- A- 
auth0002, Mourao_ M- G- M- 
auth0003, Castro_ S- P- N- 
auth0004, Maciel_ R- C- 
auth0005, Franco_ A- L- M-
auth0006,Camanho_ Gilberto Luis
auth0007,Giulliano Gloria de Sousa 
auth0008, Victória Rodrigues Viegas
auth0009,Haas_ Celia Maria 
auth0010, Linhares_ Milton
auth0011,Gilberto Luis Camanho
auth0012,Souza_ Alberto de Mello E
auth0013,Régis de Andrade Cardoso
auth0014,Barbara Bruna Bressiani Cazella_ Acadêmica Do Curso de Direito Da Unoesc Campus de Joaçaba_ Brasil
auth0015,Coutinho_ Ana Luisa Celino 
auth0016, Siqueira_ Adriana Castelo Branco De
auth0017,Margarida Maria Lacombe Camargo 
auth0018, Henrique Cunha Rangel
auth0019,de Mello e Souza_ A-
auth0020,Bruno Cezar Figueredo 
auth0021, Fátima Aparecida Da Silva Iocca
auth0022,Ludmila Gonçalves Da Matta
auth0023,Pessoa_ Flavia Moreira Guimaraes 
auth0024, Andrade_ Layanna Maria Santiago
auth0025,Paulo Gomes Lima
auth0026,Marcos Antonio Batista Da Silva
auth0027,David Junior de Souza Silva
auth0028,Baez_ Narciso Leandro Xavier
auth0029,Márcia Cristina Costa
auth0030,Mário Ângelo Oliveira_Pós-Graduado Em Direito Da Administração Pública (Ufu-MG)
auth0031, Advogado_ Brasil 
auth0032, Giovanna Cunha Mello_ Pós-Graduada Em Direito Processual Civil (Ufu-MG)- Advogada_ Brasil 
auth0033, Tiago Santos Issa_Pós-Graduado Em Direito Empresarial (Ufu-MG)- Advogado_ Brasil
auth0034,Chaiane de Medeiros Rosa
auth0035,Jessica Santana Bruno 
auth0036, Cláudio Orlando Costa Do Nascimento
auth0037,Tamyris Proenca Bonilha
auth0038,Benedito Gonçalves Eugenio 
auth0039, Julia Algarra
auth0040,Pereira_ A-L-C-
auth0041,Lima_ Antonio Carlos de Souza
auth0042,Sales Augusto Dos Santos 
auth0043, Eliane Cavalleiro 
auth0044, Maria Inês Barbosa 
auth0045, Matilde Ribeiro
auth0046,Nunes Do Nascimento Abreu_ Elisangela 
auth0047, Gomes Lima_ Paulo
auth0048,Cupertino_ Maria Cristina 
auth0049, Maria Doula_ Sheila
auth0050,Ariane Andreia Teixeira Toubia 
auth0051, Paulo Gomes Lima
auth0052,Trindade_ Nathália Maria Ariston
auth0053,Andrea Bayerl Mongim
auth0054,Santos_ Sales Augusto Dos 
auth0055, Cavalleiro_ Eliane 
auth0056, Barbosa_ Maria Inês Da Silva 
auth0057, Ribeiro_ Matilde
auth0058,Silva_ Guilherme Henrique Gomes Da
auth0059,Aparecida Das Graças Geraldo 
auth0060, Regina Maria Simões Puccinelli Tancredi
auth0061,Ana Paula de Oliveira Gomes
auth0062,Oliven_ Arabela Campos 
auth0063, Bello_ Luciane
auth0064,Daflon_ Verônica Toste 
auth0065, Feres Júnior_ João 
auth0066, Campos_ Luiz Augusto
auth0067,Toste Daflon_ Verônica 
auth0068, Feres_ Joao 
auth0069,Alves Cordeiro_ Ana Luisa
auth0070,Campos_ Luiz Augusto
auth0071,Sito_ Luanda
auth0072,Wenczenovicz_ Thaís Janaina 
auth0073, Baez_ Narciso Leandro Xavier
auth0074,Cláudia Regina Costa Pacheco
auth0075,Lorenzo_ Rocío Alonso
auth0076,Santos_ Clarissa Tagliari
auth0077,Márcio Mucedula Aguiar
auth0078,Lima_ Márcia
auth0079,De Macedo Souza_ Felipe 
auth0080, Ferreira Da Fonseca_ Gabriel
auth0081,Nery_ Maria Da Penha 
auth0082, Costa_ Liana Fortunato
auth0083,Batista_ Neusa Chaves
auth0084,Marcelo Henrique Romano Tragtenberg
auth0085,Andrea Hermínia A- Oliveira 
auth0086, Paulo S- C- Neves
auth0087,Ribeiro_ Matilde
auth0088,Neves_ Paulo S- C 
auth0089, Faro_ André 
auth0090, Schmitz_ Heike
auth0091,Iensue_ Geziela 
auth0092, De Carvalho_ Luciani Coimbra
auth0093,Gabriel Silvério_ Vinícius
auth0094,Weller_ Wivian 
auth0095, Silveira_ Marly
auth0096,Marcelo Pagliosa Carvalho
auth0097,Rodrigo Goldschmidt_ Doutor Em Direito (Ufsc)_ Professor Unoesc_ Brasil
auth0098,Gisela Maria Bester
auth0099,Campos_ Larissa Couto 
auth0100, Machado_ Thalyson Renan Bitencourt 
auth0101, Miranda_ Gilberto José 
auth0102, Costa_ Patrícia de Souza
auth0103,Luana Mateus de Sousa 
auth0104, Carlos Rafael Vieira Caxile 
auth0105, Ana Lúcia Nobre Da Silveira 
auth0106, Elcimar Simão Martins
auth0107,Diogo Barbosa Figueredo 
auth0108, Marcelo Inácio Ferreira Ferraz 
auth0109, Moema Maria Badaró Cartibani Midlej
auth0110,Dos Santos_ José Antônio 
auth0111, Garcia De Mello_ Luciana
auth0112,André Leonardo Copetti Santos 
auth0113, Rosângela Angelin 
auth0114, Evelyne Freistedt
auth0115,Cristiane Lourenço Teixeira
auth0116, Moema Moema Maria Badaró Cartibani Midlej
auth0117,Carlos Benedito Rodrigues Da Silva
auth0118,Cervi_ Emerson Urizzi
auth0119,Roseli Teresinha Michaloski Alves
auth0120,Queiroz_ Delcele Mascarenhas 
auth0121, Santos_ Jocélio Teles Dos
auth0122,Camino_ Leoncio 
auth0123, Leite Tavares_ Talita 
auth0124, Rosas Torres_ Ana Raquel 
auth0125, Álvaro Estramiana_ José Luis 
auth0126, Garrido Luque_ Alicia
auth0127,Cardoso_ Paulino De Jesus Francisco
auth0128,Rodrigo Goldschmidt 
auth0129, Rodrigo Espiúca Dos Anjos Siqueira
auth0130,Ivanise Monfredini 
auth0131, Marcia Feldman
auth0132,Mangueira Carvalho_ Emanuel 
auth0133, Sánchez Gamboa_ Silvio
auth0134,Costa_ Ilton Garcia 
auth0135, Navas_ Ana Pavanini
auth0136,Clóvis Gorczevski 
auth0137, Rosane Beatris Mariano Da Rocha Barcelos Terra
auth0138,Dos Santos_ Sales Augusto 
auth0139, Barbosa_ Maria Ines Da Silva 
auth0140,Araujo_ Luis Claudio Martins 
auth0141, Viegas_ Tiago Machado
auth0142,de Lemos_ Isabele Batista
auth0143,Lima_ Fernanda Da Silva 
auth0144, Beninca_ Alexsandra Pizzetti
auth0145,Baía_ Paulo
auth0146,Leite_ Janete Luzia
auth0147,Kátia Denise Moreira 
auth0148, Mércia Pereira 
auth0149, Sirlene Silveira de Amorim 
auth0150, Luís Moretto Neto
auth0151,Kim_ Richard Pae 
auth0152, Tommasiello_ Flavia Carneiro
auth0153,Iuri Bolesina 
auth0154, Tássia Aparecida Gervasoni
auth0155,Santos_ Sales Augusto Dos
auth0156,Piovesan_ Flávia
auth0157,Barrozo_ Paulo Daflon
auth0158,Flavia Piovesan
auth0159,Piovesan_ Flavia
auth0160,Hofbauer_ Andreas
auth0161,Moreira_ Claudia Regina Baukat Silveira 
auth0162, Silva_ Paulo Vinicius Baptista Da
auth0163,Andreas Hofbauer
auth0164,Ferreira_ N-T-
auth0165,da Silva_ G-H-G-
auth0166,Pautassi_ Laura C
auth0167,Danielle Annoni
auth0168,Hofbauer_ A-
auth0169,Campo_ V-M-G- 
auth0170, Giraldo_ J-E-C-
auth0171,Silva_ Graziella Moraes Dias Da
auth0172,Rodrigues_ Tatiane Cosentino 
auth0173, Cardoso_ Ivanilda Amado 
auth0174, Da Silva_ Andreia Rosalina
auth0175,Cantarino_ Carolina
auth0176,Graziella Moraes Dias Da Silva
auth0177,Vanali_ A-C- 
auth0178, Da Silva_ P-V-B-
auth0179,Silva Ferreira_ Sandro Augusto
auth0180,Bevilaqua_ Ciméa Barbato
auth0181,Pena_ Sérgio D-J 
auth0182, Bortolini_ Maria Cátira
auth0183,Agra_ Klondy Lúcia de Oliveira
auth0184,Albuquerque_ Rosa Almeida Freitas 
auth0185, Pedron_ Cristiane Drebes 
auth0186, Quoniam_ Luc
auth0187,Jorge Enrique Celis-Giraldo
auth0188,Soares_ Claudete
auth0189,Roger Raupp Rios
auth0190,Sabrina Olimpio Caldas de Castro 
auth0191, Fernanda Maria de Almeida 
auth0192, Rafael Morais Pereira 
auth0193, Humberto Rodrigues Marques 
auth0194, José Estevam Chaves Braga
auth0195,Zilda Martins Barbosa
auth0196,André Pires 
auth0197, Bruna Mara Da Silva Wargas
auth0198,Alexandre Da Silva de Paula 
auth0199, Carlos Roberto Waidemam 
auth0200, Eder Aparecido de Carvalho
auth0201,Aline Marques Marino
auth0202,Roseane Maria de Amorim 
auth0203, Andréa Giordanna Araujo Da Silva 
auth0204, Fabson Calixto Da Silva 
auth0205, Igor Rafael Bispo Santos
auth0206,Mohr_ Naira Estela Roesler 
auth0207, Monteiro_ Felipe Mattos 
auth0208, Costa_ Joaquim Gonçalves 
auth0209, Oliveira_ João Costa de
auth0210,Bayma_ Fátima
auth0211,Miranda_ Analice Valdman de 
auth0212, Carvalho_ José Luis Felicio
auth0213,Norris_ Pippa
auth0214,Silva_ Ani Martins 
auth0215, Cymrot_ Raquel 
auth0216, D'Antino_ Maria Eloisa Famá
auth0217,Freitas_ Irene de Lima
auth0218,Schwartzman_ Luisa Farah
auth0219,Daniela Bueno de Oliveira Américo de Godoy 
auth0220, José Francisco Miguel Henriques Bairrão
auth0221,Piotto_ Débora Cristina 
auth0222, Nogueira_ Maria Alice
auth0223,Amaral_ Wagner Roberto 
auth0224, Baibich-Faria_ Tânia Maria
auth0225,Mascarenhas Queiroz_ Delcele
auth0226,Frederico_ Celso
auth0227,Ariolindo Neres Sousa Júnior
auth0228,Dantas De Assunção_ Marcus Vinicius 
auth0229, Chaves Gomes_ Anna Cecília 
auth0230, Medeiros Cavalcanti_ Joyce Mariella 
auth0231, Galdino De Araújo_ Afrânio
auth0232,Karruz_ Ana
auth0233,Delgado_ Paulo Sérgio 
auth0234, Henrique Silva_ Ruth 2014
auth0235,Cabral_ L-S-A-
auth0236,Bonilha_ Tamyris Proenca
auth0237,Silva_ Kelly
auth0238,Santana_ Elaine Barbosa
auth0239,Sito_ Luanda 
auth0240, Kleiman_ Angela
auth0241,Duque Quintero_ Sandra Patricia 
auth0242, Quintero Quintero_ Marta Lucía 
auth0243, Duque Quintero_ Derfrey Antonio
auth0244,Medeiros_ Hugo Augusto Vasconcelos 
auth0245, Mello Neto_ Ruy De Deus 
auth0246, Gomes_ Andreia Macedo
auth0247,Gabriela Solange Sagaz
auth0248,Felipe Franz Wienke
auth0249,Turgeon_ Mathieu 
auth0250, Chaves_ Bruno Sant'Anna 
auth0251, Wives_ Willian Washington
auth0252,Souza_ Andreliza Cristina De 
auth0253, Teixeira Brandalise_ Mary Ângela
auth0254,Luciene Alves Miguez Naiff 
auth0255, Denis Giovani Monteiro Naiff
auth0256,De Faria_ Iolanda Pinto
auth0257,Política de cotas da Ufrgs = From criticism to politics: tensions between recognition and racial democracy in the quota policy of the Federal University of Rio Grande do Sul_ Brazil
auth0258,Mary Ane Souza
auth0259,Igor Adolfo Assaf Mendes
auth0260,Griner_ Almog 
auth0261, Sampaio_ Luciano Menezes Bezerra 
auth0262, Sampaio_ Raquel Menezes Bezerra
auth0263,Maria Cristina Cupertino 
auth0264, Sheila Maria Doula
auth0265,Cardoso Filho_ Francisco de Assis Brito 
auth0266, Magalhães_ Juliano Fontenele 
auth0267, Silva_ Kássio Murillo Leite Da 
auth0268, Pereira_ Izete Soares Da Silva Dantas
auth0269,Estácio_ Marcos André Ferreira 
auth0270, Almeida_ Diana Andreza Rebouças
auth0271,Amanda Vanessa Pereira Assunção 
auth0272, Catarina de Almeida Santos 
auth0273, Danielle Xabrega Pamplona Nogueira
auth0274,De Faria_ Iolanda Pinto 
auth0275, Gonçalves Dos Santos_ Georgina 
auth0276, Ramos Mendes_ José Aurivaldo Sacchetta
auth0277,Dos Santos_ Sales Augusto Simões_ Paulo C- Gaertner (Editor)
auth0278,de Carvalho_ José Jorge
auth0279,Domingues_ Petrônio
auth0280,Kelly Russo 
auth0281, Edson Diniz
auth0282,Almeida_ Ana Maria F 
auth0283, Ernica_ Mauricio
auth0284,Felipe Bruno Martins Fernandes 
auth0285, Florita Cuhanga António Telo 
auth0286, Rosangela Cordaro
auth0287,Joviles Vitório Trevisol 
auth0288, Rosileia Nierotka
auth0289,Feres Jr_ João 
auth0290, Daflon_ Verônica Toste
auth0291,Bruna Cruz de Anhaia
auth0292,Marcelo Giovannetti Ferreira Luz 
auth0293, Soeli M- Schreiber Da Silva
auth0294,Valverde_ Danielle Oliveira 
auth0295, Stocco_ Lauro
auth0296,Leite_ Ilka Boaventura
auth0297,Vanessa Wendt Kroth 
auth0298, Daniel Lena Marchiori Neto
auth0299,Campos_ Luiz Augusto 
auth0300, Feres Júnior_ João
auth0301,Moreira_ Adilson José
auth0302,Neves_ Paulo Sérgio Da C
auth0303,Luzia Nunes Mamoré 
auth0304, Paulo Gomes Lima 
auth0305, Antonio Bosco de Lima 
auth0306, Glaucia Carvalho Gomes
auth0307,Marcos Chor Maio 
auth0308, Ricardo Ventura Santos
auth0309,Neves_ Paulo
auth0310,Oliveira Valverde_ Danielle 
auth0311,Bruno_ Jessica Santana 
auth0312, Do Nascimento_ Claudio Orlando Costa
auth0313,Geise Ferreira 
auth0314, Zelair Olézia Rezer Da Silva 
auth0315, Ivone Jesus Alexandre
auth0316,Santos_ Hélio 
auth0317, Souza_ Marcilene Garcia de 
auth0318, Sasaki_ Karen
auth0319,Juliana de Senzi Zancul
auth0320,Francisca Das Chagas Silva Lima 
auth0321, Maria José Pires Barros Cardozo
auth0322,Silva_ Fernando Rodrigues 
auth0323, Nardi_ Henrique Caetano
auth0324,Sheila Ferreira Miranda
auth0325,Barcelos Doebber_ Michele 
auth0326, Domingos_ Angélica 
auth0327, Silva_ Ivanilde Da
auth0328,Ana Cláudia Gomes de Souza
auth0329,Sabrina Plá 
auth0330, Ademir José Rosso
auth0331,Gomes_ Nilma
auth0332,Lucimar Rosa Dias
auth0333,Barros_ Mariana Leal de
auth0334,Dyane Brito Reis Santos
auth0335,Leite_ Lucia Pereira 
auth0336, Mattos_ Beatriz Marques
auth0337,David_ Moisés 
auth0338, Melo_ Maria Lúcia 
auth0339, Silva Malheiro_ João Manoel Da
auth0340,Zora Yonara Torres Costa
auth0341,Nogueira Júnior_ Francisco De Albuquerque
auth0342,Ribeiro_ Rosana 
auth0343, Araújo_ Guilherme Silva
auth0344,Marisa Claudia Jacometo Durante
auth0345,Ilzver de Matos Oliveira Oliveira 
auth0346, Júlio César Diniz Hoenisch
auth0347,Vieira_ Vanessa Alves 
auth0348, Radomysler_ Clio Nudel
auth0349,Guimarães_ Nadya Araujo 
auth0350, Andrada_ Ana Carolina 
auth0351, Picanço_ Monise Fernandes
auth0352,Cruz_ Isabel C-F- Da
auth0353,Dalva De Assis_ Relindes
auth0354,Carla Beatriz Meinerz 
auth0355, Martín José Fernández Ramírez
auth0356, Malheiro_ João Manoel Da Silva
auth0357,Maria Alice Rezende Gonçalves 
auth0358, Vinícius Oliveira Pereira
auth0359,Anne Matos Ferreira 
auth0360, Wilma Baía Coelho
auth0361,Monteiro_ Rosana Batista
auth0362,Thome_ Candy Florencio 
auth0363, Schwarz_ Rodrigo Garcia
auth0364,de Araujo_ Danielle Pereira
auth0365,Maria Da Penha Nery 
auth0366, Maria Inês Gandolfo Conceição
auth0367,Velloso_ Jacques
auth0368,Silva Laya_ Marisol
auth0369,Guimarães_ Antonio Sérgio Alfredo
auth0370,Guimaraes_ Antonio Sergio Alfredo
auth0371,Souza_ E-M-D-
auth0372,Felicetti_ Vera Lucia 
auth0373, Morosini_ Marília Costa
auth0374,Neves_ Clarissa Eckert Baeta 
auth0375, Raizer_ Leandro 
auth0376, Fachinetto_ Rochele Fellini
auth0377,Marysson Jonas Rodrigues Camargo 
auth0378, Anna Maria Canavarro Benite
auth0379,Cruz_ Isabel Cristina Fonseca Da
auth0380,Vassallo_ Simone Pondé 
auth0381, Rodríguez cáceres_ Luz Stella
auth0382,Pereira_ Amauri Mendes
auth0383,Arocha_ Jaime 
auth0384, Guevara_ Natalia 
auth0385, Londono_ Sonia 
auth0386, Del Mar Moreno_ Lina 
auth0387, Rincon_ Liliana
auth0388,Figueiredo_ Angela
auth0389,Oliveira_ E 
auth0390, Targino_ M
auth0391,Da Silva_ Marcos Antonio Batista
auth0392,Antonio Sérgio Alfredo Guimarães
auth0393,Cicalo_ André
auth0394,Costa Sabino_ Maria Jordana 
auth0395, Sales Lima_ Patricia Veronica Pinheiro
auth0396,Feres_ João 
auth0397, Daflon_ Verônica
auth0398,Luzinete Simões Minella
auth0399,Dias_ Luciana de Oliveira 
auth0400, Rosa_ Fabricio Silva
auth0401,Ferreira_ Fernando
auth0402,Golgher_ André 
auth0403, Amaral_ Ernesto 
auth0404, Neves_ Alan
auth0405,Maccali_ Nicole 
auth0406, Kuabara_ Paula Suemi Souza 
auth0407, Takahashi_ Adriana Roseli Wunsch 
auth0408, Roglio_ Karina De Dea 
auth0409, Boehs_ Samantha De Toledo Martins
auth0410,Angnes_ J 
auth0411, Freitas_ M 
auth0412, Klozovski_ M 
auth0413, Mattos_ S 
auth0414, Costa_ Z
auth0415,Peixoto_ Vitor 
auth0416, Goulart_ Nelson 
auth0417, Da Silva_ Gabriel
auth0418,Cicalo_ Andre
auth0419,Silva_ P 
auth0420, Neto_ M 
auth0421, Brito_ L 
auth0422, Barreto_ L 
auth0423, Gurgel_ F
auth0424,Spohr_ Alexandre Piffero 
auth0425, Maglia_ Cristiana 
auth0426, Machado_ Gabriel 
auth0427, de Oliveira_ Joana Oliveira
auth0428,de Barros_ Nelson Filice
auth0429,Araújo_ Clara
auth0430,Marques_ Thamiris 
auth0431, Santos_ Bruna Kappel Almeida Dos
auth0432,Franciele Daiane Rodrigues Resende May/Aug 2016
auth0433,Ribeiro_ Matilde 
auth0434, Piovesan_ Flavia
auth0435,Batista_ Elza 
auth0436, Mazon_ Marcia
auth0437,Da Motta_ Ivan Dias 
auth0438, Sela_ Thiene Nogueira
auth0439,Schlindwein_ Izabela Liz 
auth0440, Grossi_ Miriam Pillar
auth0441,Scherer-Warren_ Ilse 
auth0442, Lüchmann_ Lígia
auth0443,Cristina Scheibe Wolff
auth0444,Luana Borges Lemes 2018
auth0445,Azeredo_ Sandra
auth0446,Lopez_ Laura Cecilia
auth0447,Ferreira_ Claudia Aparecida Avelar
auth0448,Dias_ Márcio 
auth0449, Bax_ Marcello
auth0450,Godinho_ Rodrigo De Oliveira
auth0451,Moreira_ Adilson Jose
auth0452,Alves_ Hayda Jun 2019
auth0453,Peria_ Michelle 
auth0454, Bailey_ Stanley R
auth0455,Irigaray_ Carlos Teodoro Jose Hugueney
auth0456,Dos Santos_ Denise Tatiane Girardon
auth0457,Salata_ André
auth0458,Sinhoretto_ Jacqueline 
auth0459, Morais_ Danilo
auth0460,Campo_ Víctor 
auth0461, Giraldo_ Jorge
auth0462,Leon Diaz_ Ruby Esther
auth0463,Penha_ Eli Alves
auth0464,de Melo_ Israel V-
auth0465,Valencia_ Henry
auth0466,Maues_ Antonio Moreira
auth0467,Perrone_ Christian
auth0468,Santos_ J 
auth0469, Silva_ M 
auth0470, Melo_ S
auth0471,Paulilo_ Maria
auth0472,Mccallum_ Cecilia
auth0473,Ribeiro_ Ludmila
auth0474,Rosistolato_ Rodrigo 2010
auth0475,Eduardo Vilar Bonaldi
auth0476,Mozart Linhares Dasilva
auth0477,Medeiros_ Marcelo 2010
auth0478,Almeida_ Magali Da Silva
auth0479,Sandra Leal de Melo Dahia
auth0480,Maggie_ Yvonne
auth0481,Minella_ Luzinete Simoes
auth0482,Freitas_ Daniel Antunes 
auth0483, Rabelo_ Gessica Lafeta 
auth0484, Silveira_ Jessica Camila Santos 
auth0485, Souza_ Lucas Ramos 
auth0486, Lima_ Mateus Costa 
auth0487, Pereira_ Mayane Moura 
auth0488, Moura_ Paulo Henrique Tolentino 
auth0489, Oliveira_ Stephany Ketllin Mendes 
auth0490, Siqueira_ Walter Dos Reis_ Jr- 
auth0491, Marques_ Amaro Sergio 
auth0492, Leao_ Claudia Danyella Alves 
auth0493, Macedo_ Clayton Paraiso 
auth0494, Caldeira_ Antonio Prates
auth0495,Albuquerque_ José 2017
auth0496,Bernardino-Costa_ Joaze 
auth0497, Grosfoguel_ Ramón
auth0498,Rostelato_ Telma Aparecida
auth0499,Senna_ Nadia
auth0500,Duro_ Renato 
auth0501, Netto_ Amanda
auth0502,Azevedo_ Bruno Del Sarto 
auth0503, Biondo_ Chrisne Santana 
auth0504, Sena_ Edite Lago Da Silva 
auth0505, Boery_ Rita Narriman Silva de Oliveira 
auth0506, Yarid_ Sergio Donha
auth0507,Goldberg_ Ilan
auth0508,de Almeida_ Cintia Borges 
auth0509, de Lima_ Giselle Rafael
auth0510,Igreja_ Rebecca
auth0511,Alvarez_ Sonia
auth0512,Melo_ Carlos Vinicius Gomes 
auth0513, Dantas_ Gilcimar Santos 
auth0514, Fernandez_ Zelia Maria Brandao 
auth0515, Pereira_ Marcos Emanoel 
auth0516, Chaves_ Antonio Marcos
auth0517,Orlando_ Andreia Fernanda 
auth0518, Ferreira_ Aparecida de Jesus
auth0519,Arocena_ Felipe
auth0520,Campos_ Luiz
auth0521,Oliveira_ Fabiana
auth0522,Leal_ Sayonara
auth0523,Costa_ Sérgio
auth0524,Picanço_ Felícia
auth0525,Grün_ Roberto
auth0526,Cristiani Bereta Da Silva
auth0527,Ferreira_ Francisco Romao 
auth0528, Lima_ Marcelo Machado Costa
auth0529,Oliveira_ Luzia
auth0530,Feres Júnior_ João 
auth0531, Campos_ Luiz
auth0532,Proni_ Marcelo
auth0533,Sacchet_ Teresa
auth0534,Scott_ Joan
auth0535,Piza_ Evandro 
auth0536, Guimaraes_ Johnatan Razen 
auth0537, Argolo_ Pedro
auth0538,Badalotti_ Tatiana
auth0539,Yvonne Maggie
auth0540,Muniz_ Jerônimo
auth0541,Lobo_ Barbara Natalia Lages
auth0542,Rodrígues_ Vera
auth0543,Rattner_ Daphne 
auth0544, Pereira_ Everton
auth0545,Dos Passos_ Joana 
auth0546, Nogueira_ João
auth0547,Bittencourt_ Romulo Goncalves
auth0548,Leite_ Flavia Piva Almeida 
auth0549, Garcia_ Gustavo Filipe Barbosa
auth0550,de Brito_ Vanessa Silveira
auth0551,Bragato_ Fernanda Frizzo
auth0552,Rezende_ Daniela Leandro
auth0553,Heringer_ Rosana
auth0554,Dos Santos_ Sales Augusto
auth0555,Antunes Freitas_ Daniel 
auth0556, Diaz Caballero_ Antonio 
auth0557, Sergio Marques_ Amaro 
auth0558, Vergara Hernandez_ Clara Ines 
auth0559, Nunes Oliveira Antunes_ Steffany Lara
auth0560,Dasilva_ Jose
auth0561,Cerqueira_ Fabio Vergara 
auth0562, Nunes_ Anderson Cruz
auth0563,Marques_ Amaro Sergio 
auth0564, Freitas_ Daniel Antunes 
auth0565,Valentim_ Renata Patricia Forain de
auth0566,Miranda Costa_ Eliane
auth0567,Scavone_ Lucila
auth0568,Sônia Malheiros Miguel
auth0569,Tânia Mara Campos de Almeida
auth0570,Gindri_ Eduarda Toscani 
auth0571, de Nardin Budo_ Marilia
auth0572,Albernaz_ Renata 
auth0573, Azevêdo_ Ariston
auth0574,Flavia Matheus Rios 2009
auth0575,Cardoso_ Lourenco
auth0576,Rosa_ Alexandre Reis
auth0577,Luís Felipe Sobral 2009
auth0578,Rezende_ Daniela
auth0579,João Bôsco Hora Góis
auth0580,Santos_ Luiz 
auth0581, Faria_ Lina
auth0582,Neville_ Alexander
auth0583,Meleu_ Marcelino 
auth0584, Massaro_ Alessandro Langlois
auth0585,Barroso_ Luis Roberto 
auth0586, Osorio_ Aline
auth0587,William Vella Nozaki 2009
auth0588,Da Silva_ Andre Luiz Carvalhal 
auth0589, Margem_ Helena
auth0590,Avila_ Ana Paula Oliveira 
auth0591, Rios_ Roger Raupp
auth0592,Vedoveli_ Paula 2009
auth0593,Ferreira_ Jorge
auth0594,Bambirra_ Natercia V- 
auth0595, Lisboa_ Teresa Kleba
auth0596,Siqueira_ Luciola 
auth0597, Bastos_ Matheus 
auth0598, Nascimento_ Andréia 
auth0599, Puridade_ Mariana
auth0600,Da Silva_ Vanisio
auth0601,Pinto_ Natalia Lucia Da Silva 
auth0602, Fernandes_ Lauramaria Abdon 
auth0603, Silva_ Fabiana Ferreira
auth0604,Gordillo Sánchez_ Daniel
auth0605,Neves_ Robson Da Fonseca 
auth0606, Nunes_ Monica De Oliveira
auth0607,Dos Santos_ Caroline Delfino
auth0608,Coe_ Neilanza Micas
auth0609,Gallo-Belluzzo_ Sueli Regina 
auth0610, Ferreira-Teixeira_ Marcela Casacio 
auth0611, Aiello- Vaisberg_ Tania Maria Jose
auth0612,Foletto_ Rafael
auth0613,Scherer-Warren_ Ilse
auth0614,Rangel_ Thayron Rodrigues 
auth0615, Da Silva_ Andre Januario
auth0616,Rocio Cobo_ M-
auth0617,Lemos_ Rafael Diogo
auth0618,Wermuth_ Maiquel Angelo Dezordi 
auth0619, Canciani_ Pamela
auth0620,Selau_ Bento 
auth0621, Damiani_ Magda Floriana 
auth0622, Costas_ Fabiane Adela Tonetto
auth0623,Lopes_ Ana Maria D'Avila
auth0624,Barcelos_ Valdo 
auth0625, Trevisan_ Amarildo Luiz
auth0626,de Lima_ Elias Lopes
auth0627,Goncalves_ Arlete Marinho
auth0628,Eliane Veras Soares
auth0629, Londoño_ Sonia 
auth0630, Rincón_ Liliana
auth0631,De Oliveira_ Rodrigo Teles Dantas 
auth0632, Barbosa_ Jenny Dantas
auth0633,Nunes_ V 
auth0634, Magalhães_ C
auth0635,Sodre_ Francis
auth0636,Cambi_ Eduardo 
auth0637, Denora_ Emmanuella
auth0638,Araújo_ Clara 
auth0639, Borges_ Doriam
auth0640,Miguel_ Luis
auth0641,Silva_ Antonio Joaquim Da 
auth0642, Araujo_ Jose Luis Lopes 
auth0643, de Barros_ Roseli Farias Melo
auth0644,Cardoso_ Evorah
auth0645,Do Nascimento_ Janaína
auth0646,Oliveira_ Rosane Cristina 
auth0647, de Cassia Pinheiro Lima_ Jacqueline 
auth0648, Arana_ Andressa Maria Freire Da Rocha
auth0649,Pereira_ Everton 
auth0650, Pacheco Santos_ Leonor
auth0651,Salzano_ Francisco M-
auth0652,Mott_ Luiz
auth0653,Do Amaral_ Wagner 
auth0654, Rodrigues_ Michelle 
auth0655, Bilar_ Jenifer
auth0656,Milanez_ Felipe 
auth0657, Sa_ Lucia 
auth0658, Krenak_ Ailton 
auth0659, Cruz_ Felipe Sotto Maior 
auth0660, Ramos_ Elisa Urbano 
auth0661," de Jesus_ Genilson Dos Santos """"Taquary Pataxo"
auth0662,Duke_ Dawn
auth0663,Gianordoli - Nascimento_ Ingrid Faria 
auth0664, Araujo Trindade_ Zeidi 
auth0665, De Fatima De Souza Santos_ Maria
auth0666,De Sao Paulo_ Eduardo
auth0667,Lima_ Cila
auth0668,Da Silveira_ Adinan Rodrigues 
auth0669, Nepomuceno_ Augusto Moutella
auth0670,Dos Santos_ Simone 
auth0671, Silveira_ Andréa
auth0672,Batista_ Michelle
auth0673,Coelho_ Luana Xavier Pinto
auth0674,Fernandes_ Gabriela Nunes 
auth0675, de Souza_ Kelly Cristina Russo
auth0676,Engelmann_ Fabiano
auth0677,Ewerton Handerson Figueiredo de Medeiros
auth0678,Roberto Pereira_ Cicero 
auth0679, Cunha de Souza_ Luana Elayne
auth0680,Waldeck_ Guacira
auth0681,Rios_ Roger Raupp 
auth0682, Resadori_ Alice Hertzog
auth0683,Penteado_ Claudio Luis de Camargo 
auth0684, Da Silva_ Sidney Jard 
auth0685, Da Fonseca_ Karen Christina Dias
auth0686,Gomes_ Juliana Cesario Alvim
auth0687,André Ricardo Fonseca Da Silva
auth0688,Gimenez_ Charlise Paula Colet 
auth0689, Martins_ Paulo Adroir Magalhaes 
auth0690, Angelin_ Rosangela
auth0691,Wood_ Charles 
auth0692, de Carvalho_ José 
auth0693, Horta_ Cláudia
auth0694,Cardoso_ Cláudia
auth0695,Palacios_ Fernando Antonio Colares
auth0696,Paula Viviane Chies
auth0697,de Jesus_ Luciano Nascimento 
auth0698, Mayer_ Andre Luiz Monteiro 
auth0699, de Camargo_ Pedro Luiz Teixeira
auth0700,Dutra_ Deo Campos 
auth0701, Vieira_ Jose Ribas
auth0702,Alonso_ Ricardo Pinha 
auth0703, Dantas_ Lucas Emanuel Ricci
auth0704,Ribeiro Moreira_ Pedro 
auth0705, Guimarães_ Antonio Carlos Machado 
auth0706, Braga_ Yara Maria Rosendo de Oliveira
auth0707,Cortes_ Ana de Mello
auth0708,Nascimento_ Guilherme Martins 
auth0709, Duarte_ Evandro Piza 
auth0710, Queiroz_ Marcos Vinicius Lustosa
auth0711,Faustino_ Deivison Mendes
auth0712,Mauro Guilherme Pinheiro Koury
auth0713,Campos_ Ligia Fabris
auth0714,Da Silva_ Antonio Israel Carlos
auth0715,Guizzo_ Bianca Salazar 
auth0716, Zubaran_ Maria Angelica 
auth0717, Beck_ Dinah Quesada
auth0718,Muzzio_ Henrique
auth0719,Cassol_ Paula Durks 
auth0720, Da Silva_ Maria Beatriz Oliveira 
auth0721, Dinarte_ Priscila Valduga
auth0722,de Souza_ Pedro Bastos
auth0723,Chueiri_ Vera Karam de 
auth0724, Macedo_ Jose Arthur Castillo de
auth0725,Aguiar_ Vilenia
auth0726,Gledhill_ John 
auth0727, Hita_ Maria
auth0728,Maia_ Suzana
auth0729,Portugal_ Silvia
auth0730,Carniel_ Fagner 
auth0731, Ruggi_ Lennita 
auth0732, Ruggi_ Júlia
auth0733,Jorge_ Vladimyr 
auth0734, Silva_ Mayra 
auth0735, Ferreira_ Ana
auth0736,Nascimento_ Isadora 
auth0737, Said_ Gustavo
auth0738,de Melo_ Miguel Angelo Silva 
auth0739, Bandeira_ Joao Adolfo Ribeiro
auth0740,Batista_ Waleska Miguel 
auth0741, Josue_ Mastrodi
auth0742,Baer_ Susanne
auth0743, Resadori_ Alice Hertzog 
auth0744, Leivas_ Paulo Gilberto Cogo 
auth0745, Schafer_ Gilberto
auth0746,Coimbra_ Rodrigo 
auth0747, Wittckind_ Ellara Valentini
auth0748,Ribeiro_ Eduardo 
auth0749, Galizoni_ Flávia
auth0750,Lisboa_ Teresa 
auth0751, Lusa_ Mailiz
auth0752,de Araujo_ Jailton Macena
auth0753,Cappelletti_ Priscilla 
auth0754, Andrade_ Marilene
auth0755,Luna_ Naara
auth0756,Hevia De La Jara_ Felipe
auth0757,Sartori_ Dailor_ Jr- 
auth0758, Leivas_ Paulo Gilberto Cogo
auth0759,Santos_ Everton 
auth0760, Baquero_ Marcello
auth0761,Mello_ Luiz 
auth0762, de Avelar_ Rezende Bruno 
auth0763, Brito_ Walderes
auth0764,Nunes_ Thiago Soares 
auth0765, Toifo_ Suzana Da Rosa
auth0766,Pedro Afonso Cortez
auth0767,Lemos_ Eloy Pereira_ Jr- 
auth0768, Da Silva_ Fatima Cristina
auth0769,Mira_ Maria
auth0770,Schemes_ Claudia
auth0771,De Araujo_ Dhyego Camara
auth0772,Hoshino_ Thiago de Azevedo Pinheiro 
auth0773, de Chueiri_ Vera Karam
auth0774,Carneiro_ Rosamaria
auth0775,de Moura_ Alexandrina Sobreira
auth0776,Messenberg_ Débora
auth0777, de Quevedo_ Daniela
auth0778,Powell_ Brenna 
auth0779, Silva_ Graziella
auth0780,Hevia_ Felipe J-
auth0781,Malta_ Deborah Carvalho 
auth0782, de Moura_ Lenildo 
auth0783, Bernal_ Regina Tomie Ivata
auth0784,Pedrotti_ Allane de Souza 
auth0785, Giorgi_ Maria Cristina
auth0786,Cazeiro_ Felipe
auth0787,Vasconcelos_ Anselmo Ferreira
auth0788,Calazans_ Dinara Leslye Macedo E Silva 
auth0789, de Souza_ Washington Jose 
auth0790, Pequeno_ Nila Patricia Freire 
auth0791, Resende de Araujo_ Fabio 
auth0792, de Lima_ Valdi_ Jr-
auth0793,D'Andrea_ Luigi Silvino 
auth0794, Romagnoli_ Roberta Carvalho
auth0795,Baggio_ Maria Carolina
auth0796,Vidal_ Camila Feix Vidal_ Camila Feix
auth0797,Segato_ Rita
auth0798,Cappelle_ Monica Carvalho Alves 
auth0799, Melo_ Marlene Catarina De Oliveira Lopes
auth0800,Da Silva_ Pablo Marlon Medeiros 
auth0801, Neto_ Manoel Pereira Da Rocha 
auth0802, Brito_ Lydia Maria Pinto 
auth0803, Barreto_ Lais Karla Da Silva 
auth0804, Gurgel_ Fernanda Fernandes
auth0805,de Souza_ Filipe Augusto Silveira 
auth0806, Lemos_ Ana Heloisa Da Costa 
auth0807, Cavazotte_ Flavia de Souza Costa Neves 
auth0808, Malva_ Teresa Rachel Jesus
auth0809,Ferreira_ J- Flavio 
auth0810, Carlet_ Flavia
auth0811,Júnior_ João 
auth0812, Candido_ Marcia 
auth0813, de Melo_ Patricia 
auth0814, Vieira_ Lidiane
auth0815,Bolognesi_ Bruno
auth0816,Burity_ Joanildo
auth0817,Matos_ Andityas Soares de Moura Costa 
auth0818, Ramos_ Marcelo Maciel
auth0819,Maia_ Aline Passos 
auth0820, Bezerra_ Lara Pinheiro
auth0821,Da Veiga_ Laura 
auth0822, Bronzo_ Carla
auth0823,Silva_ Ricardo
auth0824,Michetti_ Miqueli
auth0825,de Oliveira_ Jorge Eremites
auth0826,Mendonça_ Ricardo
auth0827,Carvalhaes_ Flavio
auth0828,Guimarães_ Juarez 
auth0829, Drumond_ André
auth0830,Piovesan_ Flavia 
auth0831, Silva_ Sandro Gorski
auth0832,Schwartzman_ Simon
auth0833,Rodrigues_ Lidiane
auth0834,Santos_ Emanuelle 
auth0835, Schor_ Patricia
auth0836,de Aquino_ Mauricio
auth0837,Jefferson Belarmino de Freitas
auth0838,Denora_ Emmanuella Magro 
auth0839, Alves_ Fernando de Brito
auth0840,Barroso_ Luis Roberto
auth0841,Rafael Petry Trapp 
auth0842, Mozart Linhares Da Silva
auth0843,Leitão_ Leonardo 
auth0844, Silva_ Marcelo
auth0845, Nogueira_ Joao Dos Passos_ Joana (correspondence author)
auth0846,Amilcar Pereira
auth0847,Maurício Pedro Da Silva
auth0848,Iraneide Da Silva Soares
auth0849,Rosenverck Estrela Santos
auth0850,Clio Nudel Radomysler
auth0851,Bruna Ribeiro Troitinho 
auth0852, Igor Castellano Da Silva
auth0853,Da Silva_ L-K-R- 
auth0854, Aquino_ M-D-A-
auth0855,Hildeberto Vieira Martins
auth0856,Bárbara Sepúlveda Barros 
auth0857, Luci Helena Martins
auth0858,Rodrigues_ Bruno de Oliveira 
auth0859, Rezende_ Tayra Fonseca 
auth0860, Nunes_ Tiago de Garcia
auth0861,Paiva_ Angela Randolpho
auth0862,Marilise Luiza Martins Dos Reis
auth0863,Lewis_ Liana
auth0864,Jacqueline Botelho
auth0865,Grace Kelly Silva Sobral Souza
auth0866,Mariana Castro Teixeira
auth0867,Müller_ Tânia Mara Pedroso
auth0868,Fátima Lima
auth0869,Petrônio José Domingues
auth0870,Marcos Antonio Batista Da Silva 
auth0871, Maria Sílvia Ribeiro
auth0872,Marcos Vinícius Ribeiro de Araújo
auth0873,de Oliveira Pires_ Thula Rafaela
auth0874,Alberto_ Paulina L-
auth0875,Machado_ Marta 
auth0876, Lima_ Márcia 
auth0877, Neris_ Natália
auth0878,Matos_ Cristina 
auth0879, Araújo_ Marta
auth0880,Campos_ Luiz 
auth0881,Saillant_ Francine
auth0882,Dorlin_ Elsa
auth0883,Flores_ Elio 
auth0884, Paz Tella_ Marco 
auth0885, Rocha_ Solange 
auth0886, Matos_ Cristina
auth0887,Amâncio Carvalho_ Roberta 
auth0888, Da Costa Lima_ Gustavo
auth0889,Reiter_ Bernd
auth0890,Matos_ M S 
auth0891, Bispo_ A M C 
auth0892, Lima_ E A C
auth0893,Fernández_ Marta 
auth0894, Santiago_ Vinícius
auth0895,Pereira_ Cleyton Feitosa
auth0896,Santos_ Elisabete Figueroa Dos 
auth0897, Scopinho_ Rosemeire Aparecida
auth0898,Kenny_ Mary Lorena
auth0899,Roberto Carlos Da Silva Borges
auth0900,Castro Benevides_ Mario 
auth0901, Lopes Pinheiro_ Carlos
auth0902,Costa_ Sergio
auth0903,Do Rosário Linhares_ Luiz Fernando
